sophokle1v3soph_0015.png	336 1092 1599 1190	EINLEITUNG ZUM AIAS.
sophokle1v3soph_0015.png	191 1439 1875 1539	1. Als Herakles den Telamon zur Theilnahme am Zuge
sophokle1v3soph_0015.png	55 1541 1874 1608	gegen Laomedon (ll. 5, 638 ff.) auffordern wollte, traf er die-
sophokle1v3soph_0015.png	54 1611 2019 1685	sen gerade bei einen festlichen Gelage. Telamon reichte
sophokle1v3soph_0015.png	54 1683 1875 1744	dem Herakles einen schäumenden Pokal, und dieser betete
sophokle1v3soph_0015.png	55 1754 1875 1822	zum Zeus, Eriboia möge seinem Gastfreunde einen gewaltigen
sophokle1v3soph_0015.png	56 1825 1874 1897	Sohn gebären, der bleich der ihn umwallenden Haut des Lö-
sophokle1v3soph_0015.png	56 1896 1876 1967	wen von Nemea ἄρρηκτος φυάν werden und löwenmuthig
sophokle1v3soph_0015.png	55 1968 1872 2032	sein möge. Flugs sandte Zeus einen grossen Adler, und He-
sophokle1v3soph_0015.png	53 2039 1874 2108	rakles deutete das Zeichen, Zeus werde dem Telamon den
sophokle1v3soph_0015.png	56 2107 1873 2182	ersehnten Sohn schenken, den er nach dem αἰετός nennen
sophokle1v3soph_0015.png	55 2175 1874 2254	solle εὐρυβίαν Αἴαντα, λαῶν ἐν πόνοις ἔκπαγλον Ἐνυ-
sophokle1v3soph_0015.png	55 2253 1035 2322	αλίου, Pindar Isthm. 5, 35 ff.
sophokle1v3soph_0015.png	195 2298 1866 2390	Der ἀντίθεος Τελαμωνιάδης von Salamis (569), Enkel
sophokle1v3soph_0015.png	54 2392 1873 2461	des Aiakos, Urenkel des Zeus (389), der ebenbürtige Sohn
sophokle1v3soph_0015.png	54 2463 1875 2530	des gewaltigen Vaters, der ihm als hohes Muster aus dem
sophokle1v3soph_0015.png	52 2534 1873 2601	herakleischen Zuge gegen Troja vorleuchtet (434 ff.), gilt in
sophokle1v3soph_0015.png	55 2606 1876 2679	der allgemeinen Vorstellung seit Homer für den nächsten der
sophokle1v3soph_0015.png	53 2674 1872 2748	Helden μετʼ ἀμύμονα Πηλείωνα, s. zu Ai. 1341. Il. 2, 768.
sophokle1v3soph_0015.png	58 2747 1872 2812	13, 321 ff. Od. 11, 550. Hektor selbst rühmt Il. 7, 288 seine
sophokle1v3soph_0015.png	42 2822 690 2885	Kraft und Klugheit:
sophokle1v3soph_0015.png	314 2922 1486 2987	Αἶαν, ἐπεί τοι δῶκε θεὸς μέγεθός τε βίην τε
sophokle1v3soph_0015.png	314 2994 1700 3057	καὶ πινυτήν, περὶ δʼ ἔγχει Ἀγαιῶν φέρτατός ἐσσι —
sophokle1v3soph_0015.png	59 3089 1869 3173	Gleich dem Ares πελώριος genannt (7, 211), da er an
sophokle1v3soph_0015.png	55 3171 1870 3247	Haupt und Schultern Alle überragt (3, 226 ff. Ai. 205, 1250 f.
sophokle1v3soph_0015.png	56 3235 1869 3313	πλατὺς καὶ εὐρύνωτος, vgl. 758), hat er, der πύργος Ἀχαιῶν,
sophokle1v3soph_0015.png	117 3335 605 3389	Sophokles I. 2. AufI.
sophokle1v3soph_0071.png	921 225 1207 269	ΑΙΑΣ.
sophokle1v3soph_0010.png	907 209 1197 252	VORWORT
sophokle1v3soph_0010.png	164 338 1946 404	fen: wem ich nicht genug des für den Jungling Bildungsstoff
sophokle1v3soph_0010.png	163 409 1932 473	enthaltenden kritischen Materials zu geben scheine, der wird
sophokle1v3soph_0010.png	161 480 1937 544	bei der mündlichen Erklärung den Umständen nach aus seinen
sophokle1v3soph_0010.png	162 550 1936 614	Hülfsmitteln befähigtern Schülern leicht ein Mehreres vor-
sophokle1v3soph_0010.png	162 622 1938 687	legen können, Andere Leser mögen andere Ausgaben zu Rathe
sophokle1v3soph_0010.png	162 692 1937 756	ziehen. Die von mir zuerst eingeführten Lesarten habe ich
sophokle1v3soph_0010.png	163 763 1175 828	nirgen ohne Bemerkung gelassen,
sophokle1v3soph_0010.png	302 833 1937 898	Die Hauptsache, ja ich darf sagen, mir eine Herzens-
sophokle1v3soph_0010.png	160 903 1936 967	sache, war eine gesunde Erklärung des Dichters. Den fleis-
sophokle1v3soph_0010.png	163 973 1939 1040	sigen Gebrauch des Lexikons und der Grammatik setzt mein
sophokle1v3soph_0010.png	163 1044 1937 1109	Commentar voraus. Lexikalische Bemerkungen waren um so
sophokle1v3soph_0010.png	160 1115 1939 1181	weniger nöthig, je fleissiger die neuern Lexikographen das
sophokle1v3soph_0010.png	161 1185 1941 1252	unvergleichliche Lexikon Sophocleum sich zu Nutze gemacht
sophokle1v3soph_0010.png	160 1256 1942 1325	haben. Fand ich indess, dass die gangbarern Handwörter-
sophokle1v3soph_0010.png	160 1325 1940 1391	bücher den Befragenden irreleiten möchten, so habe ich der
sophokle1v3soph_0010.png	159 1398 1940 1464	Fortpflanzung des Falschen vorzubeugen gesucht: wo sie im
sophokle1v3soph_0010.png	158 1469 1939 1533	Stiche liessen, habe ich nachgeholfen. Uebrigen bin ich
sophokle1v3soph_0010.png	131 1540 1937 1605	mit Strenge darauf ausgegangen auch nicht eine einzige An-
sophokle1v3soph_0010.png	160 1611 1938 1675	merkung zu machen, welche den Zweck, das Verständniss
sophokle1v3soph_0010.png	161 1681 1937 1744	des Dichters zu erleichtern, aus den Augen verlöre. Durch
sophokle1v3soph_0010.png	160 1752 1939 1818	keinerlei lediglich ein philologisches Zunftinteresse berührende
sophokle1v3soph_0010.png	159 1823 1941 1889	Noten wollte ich jüngere Leser, die in den Dichter eingeweiht
sophokle1v3soph_0010.png	161 1895 1940 1959	werden wollen, vom aufmerksamen Lesen der Anmerkungen
sophokle1v3soph_0010.png	162 1965 1939 2030	abschrecken. Daher sollte jede, an sich noch so nützliche
sophokle1v3soph_0010.png	160 2035 1938 2099	Bemerkung, welche nicht den das Verständniss des Dichters
sophokle1v3soph_0010.png	162 2106 1939 2176	suchenden Leser förderte, durchaus verbannt sein. Natürlich
sophokle1v3soph_0010.png	160 2176 1940 2242	konnte und sollte hier keine vollständige Erklärung gegeben
sophokle1v3soph_0010.png	160 2247 1936 2309	werden; nur eine den Sinn für das Wesentliche schärfende,
sophokle1v3soph_0010.png	161 2318 1937 2382	das feinere  sprachliche und künstlerische Verständniss andeu-
sophokle1v3soph_0010.png	160 2388 1937 2456	tende, dem eigenen Nachdenken den Weg weisende Beihülfe
sophokle1v3soph_0010.png	161 2459 1936 2525	wollte ich geben. Dabei habe ich ausser den jüngern Lesern
sophokle1v3soph_0010.png	160 2530 1936 2593	des Dichters Freunde der Alten im Auge gehabt, welche sich
sophokle1v3soph_0010.png	161 2601 1934 2651	am Genuss alter Meisterwerke erholen und erfrischen wollen.
sophokle1v3soph_0010.png	161 2672 1936 2734	Es ist Mitschuld der Philologen, dass diese ehrenwerthe
sophokle1v3soph_0010.png	161 2742 1935 2805	Klasse von Lesern der Alten täglich mehr zusammenschmilzt.
sophokle1v3soph_0010.png	162 2813 1938 2879	Ziehen vir auf Gymnasien und Universitäten nicht wieder
sophokle1v3soph_0010.png	161 2884 1936 2948	Humanisten heran, so graben wir der klassischen Litteratur
sophokle1v3soph_0010.png	164 2955 925 3006	die Wurzeln im Volke ab.
sophokle1v3soph_0010.png	303 3025 1933 3087	un wird man finden, dass ich oft etwas zu bemerken
sophokle1v3soph_0010.png	162 3096 1933 3160	fand, wo gangbare ähnliche Ausgaben schweigen, und umge-
sophokle1v3soph_0010.png	161 3167 1975 3235	kehrt. Ein wesentlicher Theil der Erklärung eines Dichters
sophokle1v3soph_0010.png	162 3237 1932 3306	wie Sophokles für Leser jeder Bildungsstufe ist die Hinwei-
sophokle1v3soph_0017.png	877 216 1164 260	Φ/M A148.
sophokle1v3soph_0140.png	262 205 362 255	126
sophokle1v3soph_0140.png	928 215 1376 269	ΣΟΦΟΚΛΕΟΥΣ
sophokle1v3soph_0140.png	940 356 1414 427	0ΔΥΣΣΕΥΣ.
sophokle1v3soph_0140.png	256 418 1557 497	ἀλλʼ εὖ λέγουσι τοῖς φίλοις τιμὰς νέμειν.
sophokle1v3soph_0140.png	856 525 1398 593	ΑΓΑΜΕΜΝΩΝ.
sophokle1v3soph_0140.png	253 588 1601 666	κλύειν τὸν ἐσθλὸν ἄνδρα χρὴ τῶν ἐν τέλει.
sophokle1v3soph_0140.png	815 695 1429 764	0ΔΥΣΣΕΥΣ.
sophokle1v3soph_0140.png	255 763 1613 834	παῖσαι· κρατεῖς τοι, τῶν φίλων νικώμενος.
sophokle1v3soph_0140.png	894 861 1398 931	ΑΓΑΜΕΜΝΩΝ.
sophokle1v3soph_0140.png	253 925 1546 1003	μέμνησʼ ὁποίῳ φωτὶ τὴν χάριν δίδως.
sophokle1v3soph_0140.png	842 1033 1408 1101	0ΔΥΣΣΕΥΣ.
sophokle1v3soph_0140.png	152 1095 1535 1174	1355 ὃδʼ ἐχθρὸς ἁνὴρ, ἀλλὰ γενναῖός ποτʼ ἦν.
sophokle1v3soph_0140.png	891 1194 1480 1272	ΑΓΑΜΕΜΝΩΝ.
sophokle1v3soph_0140.png	255 1267 1605 1343	τί ποτε ποιήσεις; ἐχθρὸν ὧδʼ αἰδεῖ νέκυν;
sophokle1v3soph_0140.png	938 1373 1402 1441	0ΔΥΣΣΕΥΣ.
sophokle1v3soph_0140.png	256 1437 1421 1514	νικᾷ γὰρ ἁρετή με τῆς ἔχθρας πολύ.
sophokle1v3soph_0140.png	896 1536 1398 1585	ΑΓΑΜΕΜΝΩΝ.
sophokle1v3soph_0140.png	252 1606 1535 1683	τοιοίδε μέντοι φῶτες ἔμπληκτοι βροτοῖς.
sophokle1v3soph_0140.png	936 1712 1351 1778	0ΔΥΣΣΕΥΣ.
sophokle1v3soph_0140.png	254 1773 1576 1852	ἦ κάρτα πολλοὶ νῦν φίλοι, καὖθις πικροί.
sophokle1v3soph_0140.png	891 1880 1471 1948	ΑΓΑΜΕΜΝΩΝ.
sophokle1v3soph_0140.png	148 1945 1633 2022	1360 τοιούςδʼ ἐπαινεῖς δῆτα σὺ κτᾶσθαι φίλους;
sophokle1v3soph_0140.png	870 2043 1440 2118	0ΔΥΣΣΕΥΣ.
sophokle1v3soph_0140.png	255 2116 1460 2193	σκληρὰν ἐπαινεῖν οὐ φιλῶ ψυχὴν ἐγώ.
sophokle1v3soph_0140.png	307 2299 1100 2353	1352. τὸν ἐσθλόν giebt dem
sophokle1v3soph_0140.png	248 2358 982 2412	Od. den Spruch 1345 zurück.
sophokle1v3soph_0140.png	309 2442 1099 2495	1353. ,, Ein Nachgeben gegen
sophokle1v3soph_0140.png	247 2499 1093 2551	die, welche es gut mit dir meinen,
sophokle1v3soph_0140.png	245 2557 1101 2614	verringert nichts an deiner Herr-
sophokle1v3soph_0140.png	246 2613 1095 2669	scherwürde.“ – νικώμενος,
sophokle1v3soph_0140.png	246 2669 511 2720	ἥσσων ὤν.
sophokle1v3soph_0140.png	306 2738 1099 2800	1357. νικᾷ κτλ., πολὺ κρείσ-
sophokle1v3soph_0140.png	248 2795 1098 2854	σων τῆς ἔχθρας ἐμοὶ ἡ ἀρετή
sophokle1v3soph_0140.png	247 2850 1098 2902	ἐστιν. – πολύ, nicht πλέον, weit
sophokle1v3soph_0140.png	248 2908 1097 2965	im Begriffe des Verbi νικᾶν, wie
sophokle1v3soph_0140.png	249 2965 1101 3019	in βούλομαι, λυσιτελεῖ u. ä., selbst
sophokle1v3soph_0140.png	248 3021 1099 3076	eine Vergleichung liegt. Vgl. 1353
sophokle1v3soph_0140.png	249 3077 630 3120	und Phil. 1100.
sophokle1v3soph_0140.png	309 3146 1099 3196	1358. τοιοίδε, die nicht un-
sophokle1v3soph_0140.png	248 3203 1100 3249	ter allen Umständen ihren Freun-
sophokle1v3soph_0140.png	249 3260 1099 3309	den beitreten, sondern nach der
sophokle1v3soph_0140.png	1173 2303 2031 2355	Lage der Dinge ihnen abfallen. gel-
sophokle1v3soph_0140.png	1173 2360 2022 2411	ten den Leuten für unzuverlässig.
sophokle1v3soph_0140.png	1172 2416 2025 2470	Agamemnon macht dem Odysseus
sophokle1v3soph_0140.png	1174 2472 2027 2520	den Vorwurf des Wankelmuths, da
sophokle1v3soph_0140.png	1173 2530 2026 2580	er doch früher mit ihm gegen Aias
sophokle1v3soph_0140.png	1173 2586 2025 2642	gestanden habe. (Laur. A pr. βρο-
sophokle1v3soph_0140.png	1170 2641 2023 2700	τῶν, wie O. C. 279 ὁ εὐσεβὴς βρο-
sophokle1v3soph_0140.png	1170 2696 2021 2746	τῶν, sonst οἰ τοιοίδε, οἱ δυςσε-
sophokle1v3soph_0140.png	1169 2757 1727 2811	βοῦντες βροτῶν u. ä.)
sophokle1v3soph_0140.png	1232 2814 2027 2868	1359. Odysseus, dadurch ver-
sophokle1v3soph_0140.png	1170 2868 2024 2920	letzt, giebt zu, es komme aller-
sophokle1v3soph_0140.png	1172 2926 2028 2977	dings vor, dass man bald freund-
sophokle1v3soph_0140.png	1172 2982 2026 3032	lich sein, bald bitter und unange-
sophokle1v3soph_0140.png	1173 3038 2021 3093	nehm werden könne. Vgl. 678 ff.
sophokle1v3soph_0140.png	1171 3096 2024 3147	Vielleicht will Od. sagen, Agamem-
sophokle1v3soph_0140.png	1171 3152 2026 3205	non selbst werde jetzt bitter, der
sophokle1v3soph_0140.png	1173 3208 2026 3250	doch eben ihn seinen besten Freund
sophokle1v3soph_0140.png	1172 3271 1367 3316	genannt.
sophokle1v3soph_0009.png	130 659 1921 763	AUS DEM VORWORT ZUR ERSTEN AUFLAGE.
sophokle1v3soph_0009.png	279 965 1927 1046	Der Text dieser Ausgabe ist dem Dindorfschen ähnlicher
sophokle1v3soph_0009.png	131 1053 1923 1117	als dem Hermannschen. Mir lag daran, bei aller gebühren-
sophokle1v3soph_0009.png	133 1123 1923 1190	den Achtung vor dem urkundlich Ueberlieferten einen mög-
sophokle1v3soph_0009.png	129 1193 1924 1258	lichst wenig Anstoss gebenden, in der Regel verständlichen
sophokle1v3soph_0009.png	129 1264 1925 1325	Text zu liefern. Daher hat manche Emendation, an deren
sophokle1v3soph_0009.png	127 1336 1923 1400	unumstösslicher Richtigkeit sich zweifeln liesse, ohne Beden-
sophokle1v3soph_0009.png	130 1406 1923 1473	ken Aufnahme gefunden. Hoffentlich wird die Ueberzeugung,
sophokle1v3soph_0009.png	130 1478 1925 1544	die bei mir von Tage zu Tage mehr sich befestigt, bald im-
sophokle1v3soph_0009.png	129 1551 1925 1616	mer allgemeiner sich Geltung verschaffen dass die Erklärungs-
sophokle1v3soph_0009.png	129 1622 1925 1687	künste, mit denen man bisher viele schwierige Stellen des
sophokle1v3soph_0009.png	128 1695 1926 1759	Dichters heimgesucht hat. an Sünden alter Abschreiber ver-
sophokle1v3soph_0009.png	129 1766 1927 1835	schwendet waren. Der Text auch des Sophokles ist viel
sophokle1v3soph_0009.png	129 1835 1926 1903	meir, als man vohl glauben mag, aber oft nicht rob ge-
sophokle1v3soph_0009.png	129 1909 1927 1960	fälscht. Manche verstecktere Schäden wird die tiefer drin-
sophokle1v3soph_0009.png	129 1981 1925 2046	Pende, für keinerlei Gesichtspunkte stumpfe Exegese, wie sie
sophokle1v3soph_0009.png	130 2051 1927 2118	des Sophokles würdig ist, aus Licht stellen und damit die
sophokle1v3soph_0009.png	128 2124 1926 2188	Berechtigung divinatorischer Kritik erweitern. Aber nur Hand
sophokle1v3soph_0009.png	130 2195 1926 2259	in Hand mit der gewissenhaftesten Hermeneutik kann der
sophokle1v3soph_0009.png	130 2264 1927 2331	Kritiker im Sophokles auf Erfolg rechnen: sonst wird er nur
sophokle1v3soph_0009.png	130 2337 1926 2403	die Unzahl oberflächlicher Einfälle vermehren. Ueberhaupt
sophokle1v3soph_0009.png	130 2409 1924 2474	aber wird grössere Sicherheit der Sophokleischen Kritik erst
sophokle1v3soph_0009.png	130 2481 1925 2544	gewonnen werden und das von den bedeutendsten Kritikern
sophokle1v3soph_0009.png	128 2552 1924 2616	befolgte eklektische Verfahren in seiner Haltlosigkeit hervor-
sophokle1v3soph_0009.png	133 2624 2041 2688	treten, sobald man die wirklich ächten Grundlagen unsers
sophokle1v3soph_0009.png	131 2696 1941 2764	Textes und desen Schicksale erforscht haben wird. Eine
sophokle1v3soph_0009.png	130 2767 1923 2827	lohnende, aber sehr schwere und nach den vorhandenen Col-
sophokle1v3soph_0009.png	130 2839 1923 2903	lationen nicht wohl lösbare Aufgabe. So einfach steht die
sophokle1v3soph_0009.png	132 2910 1926 2968	Sache nicht, wie Cobet meint, dem der Laur. A als Stammvater
sophokle1v3soph_0009.png	130 2981 1920 3046	aller übrigen Handschriften des Aeschylos und Sophokles gilt.
sophokle1v3soph_0009.png	130 3052 1921 3118	Das kann weder für diesen noch für jenen zugegeben werden.
sophokle1v3soph_0009.png	272 3124 1924 3189	Kritische Bemerkungen gänzlich auszuschliessen, gebot
sophokle1v3soph_0009.png	132 3195 1920 3259	der Plan der Sammlung bei dem schwierigsten Dichter nicht.
sophokle1v3soph_0009.png	135 3267 1920 3332	Ob ich darin das Rechte getroffen, darüber werden die Stim-
sophokle1v3soph_0009.png	133 3339 1923 3406	men getheilt sein. Ein Zuviel wird man mir nicht vorwer–
sophokle1v3soph_0011.png	706 247 1366 294	ZUR ERSTEN AUFLAGE.
sophokle1v3soph_0011.png	1865 255 1934 290	VII
sophokle1v3soph_0011.png	147 373 1938 448	sung auf den besondern Charakter der Rede, die Gestaltung
sophokle1v3soph_0011.png	145 451 1933 516	und den Zusammenhang der Gedanken, den individuellen Ton
sophokle1v3soph_0011.png	144 521 1933 591	und die jedesmalige Färbung, die feinen Berechnungen und
sophokle1v3soph_0011.png	147 591 1934 662	gemessenen Beziehungen, endlich die künstlerischen Motive
sophokle1v3soph_0011.png	147 664 2000 730	des Dichters. Unmöglich darf auch nur die Schule bei dem
sophokle1v3soph_0011.png	136 735 1934 802	nächsten Wortverständnisse stehen bleiben. Ist ein Gymna-
sophokle1v3soph_0011.png	118 807 1936 873	siast nach langen mühevollen Jahren so weit vorgerückt, dass
sophokle1v3soph_0011.png	147 878 1936 944	er unter verständiger Anleitung zum Sophokles Zutritt er-
sophokle1v3soph_0011.png	146 950 1940 1015	langt, so darf er auf etwas mehr Anspruch machen, als den
sophokle1v3soph_0011.png	146 1021 1944 1085	Dichter als Beispielsammlung syntaktischer oder metrischer
sophokle1v3soph_0011.png	145 1091 1938 1158	Regeln oder als Anknüpfungspunkt philologischer Gelehrsam-
sophokle1v3soph_0011.png	145 1161 1941 1227	keit gemissbraucht zu sehen. Mindestens sol ihm dann eine
sophokle1v3soph_0011.png	144 1231 1943 1299	Vorahnung gegeben werden von dem innern Kern tiefsinniger
sophokle1v3soph_0011.png	144 1302 1940 1370	Kunstschöpfungen, damit er ausser Wörtern und Phrasen
sophokle1v3soph_0011.png	147 1373 1939 1433	auch eine dauernde Liebe zu den alten, die ihn zu dem
sophokle1v3soph_0011.png	148 1445 1939 1511	Quell seiner Bildung zurückzieht, mit ins Leben nimmt. Da-
sophokle1v3soph_0011.png	145 1517 1941 1582	her verlangen neben der gründlichsten sprachlichen und histo-
sophokle1v3soph_0011.png	144 1588 1943 1654	rischen Erklärung die poetischen und rhetorischen Kunst-
sophokle1v3soph_0011.png	147 1660 1943 1712	schönheiten die volle Aufmerksamkeit. Auf diese im Einzelnen
sophokle1v3soph_0011.png	143 1731 1943 1797	hinzudeuten und stets den Zusammenhang zu vergegenwär-
sophokle1v3soph_0011.png	146 1803 1942 1869	tigen, ist ein Hauptzweck der Anmerkungen, während Gestal-
sophokle1v3soph_0011.png	147 1875 1942 1940	tung und Tendenz des Ganzen anschaulich zu machen Auf-
sophokle1v3soph_0011.png	147 1946 1947 2013	gabe der Einleitungen zu den einzelnen Stücken ist. Ausser
sophokle1v3soph_0011.png	148 2017 1941 2081	einer übersichtlichen Entwicklung des dantes der Dramen
sophokle1v3soph_0011.png	146 2088 1943 2154	mussten dort der mythische Stoff und die seiner künstlerischen
sophokle1v3soph_0011.png	151 2160 1942 2224	Gestaltung zu Grunde liegenden sittlichen und dichterischen
sophokle1v3soph_0011.png	147 2231 1942 2295	Motive entwickelt werden. Die allgemeine Einleitung kann
sophokle1v3soph_0011.png	148 2302 1946 2362	ich natürlich erst dann schreiben, wenn ich sämmtliche Stücke
sophokle1v3soph_0011.png	151 2373 920 2437	ebenso ausgerarbeitet habe.
sophokle1v3soph_0011.png	292 2444 1944 2509	Die Kürze gebot, in der Regel nur die eigene Auffas-
sophokle1v3soph_0011.png	149 2516 1942 2581	sung hinzustellen, mag diese von den Vorgängern entlehnt,
sophokle1v3soph_0011.png	147 2587 2012 2653	mag sie mir eigen sein. Eine in streng philologischen Werken
sophokle1v3soph_0011.png	154 2659 1944 2723	mit Fug und Recht übliche Angabe des von Frühern Geleiste-
sophokle1v3soph_0011.png	153 2730 1944 2795	ten, so wie Polemik gegen andere Ansichten, vertrug sich mit
sophokle1v3soph_0011.png	152 2802 1941 2866	dem Plane dieser Ausgabe selbst da nicht, wo etwa Gelungenes
sophokle1v3soph_0011.png	152 2872 1946 2937	mit den eigenen Worten der Uhreber gegeben ist. In der
sophokle1v3soph_0011.png	152 2944 1941 3007	Einleitung zum Aias z. B. wird man ein theilweises An-
sophokle1v3soph_0011.png	154 3015 1939 3075	schliessen an Welcker nicht verkennen, so sehr ich in den
sophokle1v3soph_0011.png	153 3086 2074 3151	Angelpunkten seiner klassischen Abhandlung zu entschieden
sophokle1v3soph_0011.png	157 3157 1941 3223	andern Ergebnissen gelangt bin: manch gutes Wort in zer-
sophokle1v3soph_0011.png	152 3229 1944 3365	AXSXTuAXSS StiS t
sophokle1v3soph_0120.png	250 189 423 269	106
sophokle1v3soph_0120.png	891 200 1337 246	ΣΟΦΟΚΛΕΟΥΣ
sophokle1v3soph_0120.png	968 343 1269 410	ΧΟΡΟΣ.
sophokle1v3soph_0120.png	140 405 1608 494	1040 μὴ τεῖνε μακράν, ἀλλʼ ὅπως κρύψεις τάφῳ
sophokle1v3soph_0120.png	127 491 1501 580	φράζου τὸν ἄνδρα, χὤ τι μυθήσει τάχα.
sophokle1v3soph_0120.png	241 578 1643 664	βλέπω γὰρ ἐχθρὸν φῶτα, καὶ τάχʼ ἂν κακοῖς
sophokle1v3soph_0120.png	242 661 1381 737	γελῶν ἃ δὴ κακοῦργος ἐξίκοιτʼ ἀνήρ.
sophokle1v3soph_0120.png	875 766 1404 832	ΤΕΥΚΡΟΣ.
sophokle1v3soph_0120.png	242 828 1778 906	τίς δʼ ἐστὶν, ὅντινʼ ἄνδρα προςλεύσσεις στρατοῦ;
sophokle1v3soph_0120.png	987 934 1348 1002	ΧΟΡΟΣ.
sophokle1v3soph_0120.png	11 995 1536 1075	1045 Μενέλαος, ᾧ δὴ τόνδε πλοῦν ἐστείλαμεν.
sophokle1v3soph_0120.png	819 1105 1322 1173	ΤΕΥΚΡΟΣ.
sophokle1v3soph_0120.png	242 1170 1495 1246	ὁρῶ· μαθεῖν γὰρ ἐγγὺς ὢν οὐ δυςπετής.
sophokle1v3soph_0120.png	825 1275 1337 1342	ΜΕΝΕΛΑΟΣ.
sophokle1v3soph_0120.png	242 1335 1501 1425	οὗτος, σὲ φωνῶ τόνδε τὸν νεκρὸν χεροῖν
sophokle1v3soph_0120.png	240 1424 1369 1503	μὴ συγκομίζειν, ἀλλʼ ἐᾶν ὅπως ἔχει.
sophokle1v3soph_0120.png	825 1530 1312 1599	ΤΕΥΚΡΟΣ.
sophokle1v3soph_0120.png	241 1594 1399 1671	τίνος χάριν τοσόνδʼ ἀνήλωσας λόγον;
sophokle1v3soph_0120.png	900 1701 1336 1769	ΜΕΝΕΛΑΟΣ.
sophokle1v3soph_0120.png	138 1752 1826 1851	1050 δοκοῦντʼ ἐμοί, δοκοῦντα δʼ ὃς κραίνει στρατοῦ.
sophokle1v3soph_0120.png	848 1873 1309 1940	ΤΕΥΚΡΟΣ.
sophokle1v3soph_0120.png	242 1934 1515 2012	οὔκουν ἂν εἴποις, ἥντινʼ αἰτίαν προθείς
sophokle1v3soph_0120.png	893 2042 1341 2111	ΜΕΝΕΛΑΟΣ.
sophokle1v3soph_0120.png	239 2107 1326 2192	ὁθούνεκʼ αὐτὸν ἐλπίσαντες οἴκοθεν
sophokle1v3soph_0120.png	240 2192 1434 2269	ἄγειν Ἀχαιοῖς ξύμμαχόν τε καὶ φίλον,
sophokle1v3soph_0120.png	240 2279 1362 2354	ἐξεύρομεν ζητοῦντες ἐχθίω Φρυγῶν·
sophokle1v3soph_0120.png	229 2462 2005 2524	466 σοὶ μὲν δοκείτω ταῦτʼ, ἐμοὶ 1050. Bitterer Hohn, wie bei
sophokle1v3soph_0120.png	231 2520 485 2565	δὲ τἀντία.
sophokle1v3soph_0120.png	1150 2523 2003 2575	Iuvenalis: Hoc volo, sic iubeo
sophokle1v3soph_0120.png	291 2579 1071 2636	1042. γελᾶν κακοῖς, wie 955.
sophokle1v3soph_0120.png	291 2635 1075 2693	1043. ἃ δή, sintemal, selten
sophokle1v3soph_0120.png	229 2693 1076 2751	statt ἄτε oder οἷα, wie Simonides
sophokle1v3soph_0120.png	227 2749 1075 2809	Amorg. 1, 3 ἃ δὴ βοτὰ Ἐφημέ-
sophokle1v3soph_0120.png	230 2808 1079 2864	ριοι ζῶμεν. Menelaos erscheint
sophokle1v3soph_0120.png	226 2864 1071 2917	hier, wie sonst bei den Tragikern,
sophokle1v3soph_0120.png	229 2920 1078 2977	als Abbild des zu Sophoklesʼ Zei-
sophokle1v3soph_0120.png	227 2977 1077 3034	ten in Athen übel berüchtigten spar-
sophokle1v3soph_0120.png	226 3033 745 3077	tanischen Charakters.
sophokle1v3soph_0120.png	287 3092 1075 3151	1047. φωνῶ, wie 1089 προ-
sophokle1v3soph_0120.png	229 3147 661 3203	φωνῶ, befehle.
sophokle1v3soph_0120.png	288 3203 1074 3252	1049. τοσόνδε, ein so ver-
sophokle1v3soph_0120.png	225 3261 1068 3309	messenes, anmassliches Wort.
sophokle1v3soph_0120.png	1149 2580 1946 2634	sit pro ratione voluntas.
sophokle1v3soph_0120.png	1196 2635 2003 2695	1051. προθείς, nämlich το-
sophokle1v3soph_0120.png	1150 2692 1731 2751	σόνδʼ ἀνήλωσας λόγον.
sophokle1v3soph_0120.png	1161 2749 2003 2808	1053. ἄγειν, vgl. 1097. Nicht
sophokle1v3soph_0120.png	1152 2807 2005 2856	ἄξειν, weil die ἐλπίς dauerte, als
sophokle1v3soph_0120.png	1149 2865 2002 2917	Aias dem Zuge sich angeschlossen
sophokle1v3soph_0120.png	1149 2922 1905 2978	und vor Troja gekämpft hatte.
sophokle1v3soph_0120.png	1209 2977 2001 3030	1054. ζητοῦντες, ἐξετάζον-
sophokle1v3soph_0120.png	1149 3034 1998 3093	τες, vgl. zu Phil. 452, Gegensatz
sophokle1v3soph_0120.png	1147 3091 1999 3138	zu ἐλπίσαντες. Menelaos, früherer
sophokle1v3soph_0120.png	1145 3147 2045 3202	Dienste vergessend, redet, als hätte
sophokle1v3soph_0120.png	1146 3204 1996 3257	Aias eben erst Gelegenheit gege-
sophokle1v3soph_0120.png	1145 3262 1675 3318	ben, ihn zu erproben.
sophokle1v3soph_0095.png	856 200 1046 258	ΑΙΑΣ.
sophokle1v3soph_0095.png	78 333 1205 423	ἐγὼ γὰρ ἐξ οὗ χειρὶ τοῦτʼ ἐδεξάμην
sophokle1v3soph_0095.png	76 420 1260 504	παρʼ Ἕκτορος δώρημα δυςμενεστάτου,
sophokle1v3soph_0095.png	77 504 1266 588	οὔπω τι κεδνὸν ἔσχον Ἀργείων πάρα.
sophokle1v3soph_0095.png	78 588 1269 674	ἀλλʼ ἔστʼ ἀληθὴς ἡ βροτῶν παροιμία,
sophokle1v3soph_0095.png	76 675 1179 759	ἐχθρῶν ἄδωρα δῶρα κοὐκ ὀνήσιμα.
sophokle1v3soph_0095.png	74 760 1306 835	τοιγὰρ τὸ λοιπὸν εἰσόμεσθα μὲν θεοῖς
sophokle1v3soph_0095.png	76 844 1383 933	εἴκειν, μαθησόμεσθα δʼ Ἀτρείδας σέβειν.
sophokle1v3soph_0095.png	75 929 1293 1008	ἄρχοντές εἰσιν, ὥσθʼ ὑπεικτέον. τί μή;
sophokle1v3soph_0095.png	75 1017 1281 1091	καὶ γὰρ τὰ δεινὰ καὶ τὰ καρτερώτατα
sophokle1v3soph_0095.png	77 1101 1277 1177	τιμίαις ὑπείκει· τοῦτο μὲν νιφοστιβεῖς
sophokle1v3soph_0095.png	73 1187 1234 1261	χειμῶνες ἐκχωροῦσιν εὐκάρπῳ θέρει·
sophokle1v3soph_0095.png	76 1270 1161 1346	ἐξίσταται δὲ νυκτὸς αἰανῆς κύκλος
sophokle1v3soph_0095.png	74 1355 1269 1439	τῇ λευκοπώλω φέγγος ἡμέρᾳ φλέγειν·
sophokle1v3soph_0095.png	39 1440 1211 1517	δεινῶν τʼ ἄημα πνευμάτων ἐκοίμισε
sophokle1v3soph_0095.png	133 1573 538 1628	661. Vgl. 817 ff.
sophokle1v3soph_0095.png	133 1626 933 1689	666. Schol. Ἐπιφθόνως ἔφρα-
sophokle1v3soph_0095.png	75 1688 935 1745	σεν, ἐν εἰρωνείᾳ ἀντιστρέψας τὴν
sophokle1v3soph_0095.png	73 1743 934 1802	λέξιν· ἔδει γὰρ εἰπεῖν θεοὺς μὲν
sophokle1v3soph_0095.png	75 1799 929 1859	σέβειν, εἴκειν δὲ Ἄτρείδαις
sophokle1v3soph_0095.png	73 1859 936 1916	wie 668 ὑπεικτέον. Ironie liegt
sophokle1v3soph_0095.png	75 1916 933 1973	auch im Plural εἰσόμεσθα und μα-
sophokle1v3soph_0095.png	73 1973 934 2029	θησόμεσθα, wie in der Nennung
sophokle1v3soph_0095.png	72 2031 934 2083	beider Atriden statt des Agamem-
sophokle1v3soph_0095.png	73 2088 932 2139	non, da Menelaos unbefugt. sich
sophokle1v3soph_0095.png	75 2145 927 2197	gern dem Bruder gleichstellte, vgl.
sophokle1v3soph_0095.png	75 2203 172 2244	842.
sophokle1v3soph_0095.png	131 2248 930 2301	668. Ironisch erinnert Aias an
sophokle1v3soph_0095.png	74 2316 932 2374	das sprichwörtlich gewordene Ge-
sophokle1v3soph_0095.png	70 2373 932 2430	bot des Solon ἀρχῶν ἄκουε καὶ
sophokle1v3soph_0095.png	72 2427 934 2487	δίκαια κἄδικα, vgl. Ant. 63. 666
sophokle1v3soph_0095.png	74 2485 932 2544	ὃν πόλις στήσειε, τοῦδε χρὴ κλύειν
sophokle1v3soph_0095.png	70 2543 931 2601	Καὶ σμικρὰ καὶ δίκαια καὶ τἀν-
sophokle1v3soph_0095.png	68 2600 246 2641	αντία.
sophokle1v3soph_0095.png	126 2657 930 2700	669 ff. Aias beweist die Noth-
sophokle1v3soph_0095.png	66 2715 930 2765	wendigkeit, sich den einmal mit der
sophokle1v3soph_0095.png	68 2773 927 2814	Herrscherehre bekleideten Atriden
sophokle1v3soph_0095.png	67 2829 927 2879	zu fügen, dadurch, dass alles Wilde
sophokle1v3soph_0095.png	69 2885 928 2935	dem Hellen und Glänzenden, alles
sophokle1v3soph_0095.png	69 2942 927 2994	Gewaltige und Furchtbare den
sophokle1v3soph_0095.png	68 2999 921 3052	Schönen und Gebietenden sich füge,
sophokle1v3soph_0095.png	67 3056 930 3098	der wüste Winter den fruchtrei-
sophokle1v3soph_0095.png	66 3113 930 3160	chen Sommer, die unheimliche Nacht
sophokle1v3soph_0095.png	68 3171 927 3228	den lichten Tage, die rauben Stürme
sophokle1v3soph_0095.png	68 3228 925 3285	der Meeresstille. Daher καὶ γὰρ
sophokle1v3soph_0095.png	67 3283 929 3405	(= καὶ γὰρ καὶ ν Win-
sophokle1v3soph_0095.png	1800 208 1862 259	81
sophokle1v3soph_0095.png	1007 1571 1865 1625	ter, Nacht, Sturm. Vgl. O. C.
sophokle1v3soph_0095.png	1008 1630 1145 1674	609 f.
sophokle1v3soph_0095.png	1065 1683 1870 1746	670. τιμαῖς, ἀρχαῖς, τοῖς· τι-
sophokle1v3soph_0095.png	1006 1745 1871 1802	μῆς ἠξιωμένοις. - νιφοστι-
sophokle1v3soph_0095.png	992 1802 1869 1860	βεῖς, über Schneemassen
sophokle1v3soph_0095.png	993 1860 1541 1916	dahin fahrend.
sophokle1v3soph_0095.png	1065 1915 1869 1964	672. νυκτὸς κύκλος, das
sophokle1v3soph_0095.png	1008 1972 1869 2031	Gewölbe der Nacht, der näch-
sophokle1v3soph_0095.png	1005 2031 1865 2088	tige Himmel; αίανῆς, σκοτεινῆς,
sophokle1v3soph_0095.png	1006 2086 1864 2145	gegenüber der λευκόπωλος (Aesch.
sophokle1v3soph_0095.png	1006 2144 1835 2200	Pers. 378) ἡμέρα. Vgl. El. 19.
sophokle1v3soph_0095.png	1064 2199 1870 2254	674 f. Das Wehen heftiger
sophokle1v3soph_0095.png	1008 2259 1867 2313	Stürme beruhigt auch wie-
sophokle1v3soph_0095.png	1007 2313 1862 2364	der das seufzende Meer,
sophokle1v3soph_0095.png	1005 2372 1863 2424	indem es sanfteren Lüften (vergl
sophokle1v3soph_0095.png	1008 2429 1868 2485	Odyss. 5, 383. Virg. Aen. 5, 763.)
sophokle1v3soph_0095.png	1006 2486 1863 2529	oder der Windstille Platz macht.
sophokle1v3soph_0095.png	1007 2543 1867 2595	Gottheiten und göttlich gedachte
sophokle1v3soph_0095.png	1894 693 1971 736	665
sophokle1v3soph_0095.png	1897 1121 1974 1162	670
sophokle1v3soph_0095.png	1002 2600 2001 2642	Kräfte schalten unumschränkt auf
sophokle1v3soph_0095.png	1005 2657 1866 2709	deu Felde ihrer Thätigkeit, wie
sophokle1v3soph_0095.png	1004 2714 1868 2771	Apollon und Artemis z. B. nicht
sophokle1v3soph_0095.png	1001 2771 1867 2819	bloss schützen, sondern auch stra-
sophokle1v3soph_0095.png	1003 2827 1868 2884	fen, Hypnos 675 packt und los-
sophokle1v3soph_0095.png	1000 2884 1884 2941	lässt, zu O. C. 868. So hat Aeo-
sophokle1v3soph_0095.png	999 2941 1864 3000	los Odyss. 10, 21 als ταμίης ἀνέ-
sophokle1v3soph_0095.png	999 2998 1865 3058	μων die Macht, ἠμὲν παυσέμεναι
sophokle1v3soph_0095.png	1002 3055 1862 3114	ἠδʼ ὀρνύμεν ὅν κʼ ἐθέλῃσιν, wie
sophokle1v3soph_0095.png	996 3112 1865 3168	jeder besondere Wind in seiner
sophokle1v3soph_0095.png	1004 3168 1861 3226	Sphäre, z. B. Hor. 1, 3, 15 Nolo
sophokle1v3soph_0095.png	1001 3226 1862 3279	non arbiter Hadriae maior, tol-
sophokle1v3soph_0095.png	1003 3282 1863 3339	lere seu ponere volt freta. So-
sophokle1v3soph_0007.png	515 1204 1415 1382	30317 345r1
sophokle1v3soph_0007.png	342 1516 1578 1616	133142Ν 8A977Ν
sophokle1v3soph_0007.png	433 1749 1487 1875	6411. 81NINNIS
sophokle1v3soph_0115.png	862 249 1080 294	ΑΙΑΣ.
sophokle1v3soph_0115.png	65 369 1337 459	αὑτῷ δὲ τερπνός. ὦν γὰρ ἠράσθη τυχεῖν
sophokle1v3soph_0115.png	64 457 1305 543	ἐκτήσαθʼ αὑτῷ, θάνατον, ὅνπερ ἤθελεν.
sophokle1v3soph_0115.png	61 542 1250 632	τί δῆτα τοίδ’ ἐπεγγελῷεν ἂν κοτᾷς
sophokle1v3soph_0115.png	59 626 1281 704	θεοῖς τέθνηκεν οὗτος, οὐ κείνοισιν, οἴ.
sophokle1v3soph_0115.png	60 712 1360 802	πρὸς ταῖτʼ οδυσσεὺς ἐν κενοῖς ὑβριζέτω.
sophokle1v3soph_0115.png	6 798 1341 886	Αἴας γὰρ αὐτοῖς οὐκέτʼ ἐστίν· ἀλλʼ ἐμοὶ
sophokle1v3soph_0115.png	59 884 1093 959	λιπὼν ἀνίας καὶ γόους διοίχεται.
sophokle1v3soph_0115.png	59 1052 413 1126	̓ώ μοί μοι.
sophokle1v3soph_0115.png	748 976 1135 1031	RV K90 X.
sophokle1v3soph_0115.png	804 1157 1081 1224	2 0 P0 8.
sophokle1v3soph_0115.png	56 1221 1341 1306	σίγησον. αὐδὴν γὰρ δοκῷ Τεύκρου κλύειν
sophokle1v3soph_0115.png	57 1305 1245 1384	βοῶντος ἄτης τῆς δ’ ἐπίσκοπον μέλος.
sophokle1v3soph_0115.png	639 1412 1190 1481	TSVIO 2
sophokle1v3soph_0115.png	55 1476 1312 1564	ὡ φίλτατʼ Αἴας. ὡ ξίναιμον ὄμμʼ ἐμοί.
sophokle1v3soph_0115.png	59 1562 1353 1649	ἆρʼ ἠμπόληκά σʼ, ὕσπερ ἡ φάτις κρατεῖ;
sophokle1v3soph_0115.png	55 1724 906 1773	mer, seinen Feinden Freude,
sophokle1v3soph_0115.png	57 1781 913 1831	aber (und darauf kommt es allein
sophokle1v3soph_0115.png	60 1839 914 1894	an, das ist die Hauptsache) für
sophokle1v3soph_0115.png	61 1896 907 1944	ihn selbst ist er eine Lust,
sophokle1v3soph_0115.png	59 1952 916 1996	insofern er seinen Wunsch erreicht
sophokle1v3soph_0115.png	59 2012 146 2052	hat.
sophokle1v3soph_0115.png	118 2063 910 2124	907. ἠράσθη, vgl. 686. Ant.
sophokle1v3soph_0115.png	62 2127 188 2168	1336.
sophokle1v3soph_0115.png	118 2177 912 2234	968. θάν., ὅνπερ ἤθέλεν,
sophokle1v3soph_0115.png	58 2234 910 2296	vgl. 1114. zu Ant. 468. O. C. 1703.
sophokle1v3soph_0115.png	119 2295 917 2351	969. ἐγγελᾶν κατά τινος
sophokle1v3soph_0115.png	58 2352 911 2411	0. C. 1339. El. 836. Vgl. Phil. 328.
sophokle1v3soph_0115.png	119 2408 908 2466	970. θεοῖς, θεῶν βουλομένων.
sophokle1v3soph_0115.png	55 2467 913 2518	Den Göttern (vgl. 635. 1128)
sophokle1v3soph_0115.png	59 2525 914 2576	ist er gestorben, insofern er
sophokle1v3soph_0115.png	59 2581 913 2634	ihnen seine Ueberhebung büssen
sophokle1v3soph_0115.png	59 2639 907 2687	musste: nicht den Feinden,
sophokle1v3soph_0115.png	59 2697 915 2749	deren Unrecht ihn nicht dahin ge-
sophokle1v3soph_0115.png	56 2754 915 2812	trieben hatte. Athene hatte ihn ja
sophokle1v3soph_0115.png	53 2811 914 2868	zu entehrender That verleitet, in
sophokle1v3soph_0115.png	59 2868 913 2926	Folge welcher er sich tödtete. οὐ
sophokle1v3soph_0115.png	1737 241 1826 291	101
sophokle1v3soph_0115.png	990 1723 1839 1779	und Reden von 879 – 924 ein Sy-
sophokle1v3soph_0115.png	989 1779 1839 1833	stem bilden, dessen Gliederung in
sophokle1v3soph_0115.png	991 1838 1840 1890	Gesang und Rede sich ganz gleich
sophokle1v3soph_0115.png	987 1897 1841 1942	wiederholt von 925 – 970, So hat
sophokle1v3soph_0115.png	991 1953 1839 2001	Schöll die drei Letzten Verse, welche
sophokle1v3soph_0115.png	989 2011 1841 2064	über die genaue Responsion hinaus-
sophokle1v3soph_0115.png	978 2067 1838 2120	gehen, für unächt erklärt, Andere
sophokle1v3soph_0115.png	990 2125 1834 2176	haben 969 und 972. 73 verdächtigt.
sophokle1v3soph_0115.png	989 2182 1839 2224	Allein an sich hat das wiederholte
sophokle1v3soph_0115.png	988 2239 1840 2281	Wenden und Drehen derselben Ge-
sophokle1v3soph_0115.png	991 2295 1837 2347	danken bei so grossen Schmerze
sophokle1v3soph_0115.png	53 2925 529 2980	– οὔ, O. C. 587.
sophokle1v3soph_0115.png	63 3036 907 3094	0. R. 287 ἐν ἀργοῖς. Vgl. 954 ff.
sophokle1v3soph_0115.png	1863 1240 1938 1281	975
sophokle1v3soph_0115.png	990 2353 1920 2405	nichts Auffallendes und stregze Re-
sophokle1v3soph_0115.png	986 2409 1841 2466	sponsion in den Iamben ist nicht
sophokle1v3soph_0115.png	987 2467 1839 2510	erforderlich. 9, 969 steht der weib-
sophokle1v3soph_0115.png	985 2525 1837 2580	lichen Sophistik wohi an: 972. 73
sophokle1v3soph_0115.png	986 2583 1844 2636	sind gerade hier von ergreifender
sophokle1v3soph_0115.png	986 2639 1831 2692	Wirkung: „ Ihn selbst ist wohl,
sophokle1v3soph_0115.png	987 2697 1838 2739	die Fürsten werden ihn schon ver-
sophokle1v3soph_0115.png	986 2753 1839 2803	missen, sie, die sich seinen Tod
sophokle1v3soph_0115.png	987 2811 1839 2857	nicht zuschreihen dürfen; mir aber
sophokle1v3soph_0115.png	987 2867 1838 2926	hat er schweren Kummer hinter-
sophokle1v3soph_0115.png	985 2924 1837 2983	lassen.“ Vgl. Trach. 41 πλὴν ἐμοὶ
sophokle1v3soph_0115.png	119 2980 912 3039	971. ἐν κενοῖς ματαίως, wie
sophokle1v3soph_0115.png	1867 644 1942 686	970
sophokle1v3soph_0115.png	55 3152 1834 3211	Sinn, sich zu brüsten und des über- 976. ἐπίσκοπον, ἐστοχασμέ-
sophokle1v3soph_0115.png	60 3208 1833 3268	wundenen Gegners zu spotten, jetzt, νον, συνῳδόν, wie ἐπίσκοπος το-
sophokle1v3soph_0115.png	59 3267 1827 3326	da er ihnen dahin ist, ist Odysseusʼ ξότης = ὁ τυγχάνων τοῦ σκοποῦ.
sophokle1v3soph_0115.png	58 3324 1832 3383	ὕβρις eitel. – Da die Chorverse 978. ἆρ’ ἠμπόληκά σε, habe
sophokle1v3soph_0070.png	263 243 332 293	56
sophokle1v3soph_0070.png	906 230 1354 318	ΣΟΦΟΚΛΕΥΣ
sophokle1v3soph_0070.png	256 372 1646 459	καὶ τοὺς μὲν ηὐχένίζε, τοὺς δʼ ἄνω τρέπων
sophokle1v3soph_0070.png	259 458 1414 548	ἔσφαζε κἀρράχιζε, τοὺς δὲ δεσμίους
sophokle1v3soph_0070.png	175 542 1570 627	300 ᾐκίζεθ’, ὥστε φῶτας, ἐν ποίμναις πίτνων.
sophokle1v3soph_0070.png	166 627 1453 709	τέλος δʼ ὑπάξας διὰ θυρῶν, σκιᾷ τινὶ
sophokle1v3soph_0070.png	254 711 1545 797	λόγους ἀνέσπα, τοὺς μὲν Ἀτρειδῶν κάτα,
sophokle1v3soph_0070.png	252 796 1720 885	τοὺς δʼ ἀμφʼ Ὀδυσσεῖ, συντιθεὶς γέλων πολύν,
sophokle1v3soph_0070.png	255 881 1422 966	ὅσην κατʼ αὐτῶν ὕβριν ἐκτίσαιτʼ ἰών·
sophokle1v3soph_0070.png	171 964 1500 1052	305 κἄπειτʼ ἐπᾴξας αὖθις ἐς δόμους πάλιν,
sophokle1v3soph_0070.png	254 1051 1567 1136	ἔμφρων μόλις πως ξὺν χρόνῳ καθίσταται,
sophokle1v3soph_0070.png	205 1135 1443 1222	καὶ πλῆρες ἄτης ὡς διοπτεύει στέγος,
sophokle1v3soph_0070.png	254 1220 1449 1305	παίσας κάρα θώυξεν· ἐν δʼ ἐρειπίοις
sophokle1v3soph_0070.png	256 1305 1421 1391	νεκρῶν ἐρειφθεὶς ἕζετʼ ἀρνείου φόνου,
sophokle1v3soph_0070.png	119 1389 1381 1475	310 κόμην ἀπρὶξ ὄνυξι συλλαβὼν χερί.
sophokle1v3soph_0070.png	252 1473 1675 1561	καὶ τὸν μὲν ἧστο πλεῖστον ἄφθογγος χρόνον·
sophokle1v3soph_0070.png	245 1779 680 1837	ten, vgl. 62 ff.
sophokle1v3soph_0070.png	246 1949 860 2008	tur feriebat, vgl. 235ff.x
sophokle1v3soph_0070.png	236 2286 2092 2349	wäre ἐν ποίμναις πονῶν an 308 f. Beide Genitive ἀρν. φό-
sophokle1v3soph_0070.png	239 2346 2018 2402	Heerdenthieren sich mühend νου und νεκρῶν hängen von ἐν
sophokle1v3soph_0070.png	243 2402 2019 2459	(vgl. 366), wenn nicht der ächte ἐρειπίοις ab, unter den hinge-
sophokle1v3soph_0070.png	246 2458 2017 2518	Versschluss ganz verwischt ist, stürzten Leichen des Heer-
sophokle1v3soph_0070.png	247 2513 2018 2576	etwva in dem Sinne κακὰ δεννάζων denmords. Ἐν ἐρειπίοις
sophokle1v3soph_0070.png	248 2575 694 2632	ῥήματα nach 243.
sophokle1v3soph_0070.png	1166 2571 2017 2632	ἐρειφθείς, wie ἐν ζυγοῖσι κνώ-
sophokle1v3soph_0070.png	1111 2800 2014 2852	gleichstämmiger Wörter bei den
sophokle1v3soph_0070.png	249 2804 518 2858	gesprochen.
sophokle1v3soph_0070.png	305 2857 1727 2914	302. ἀνασπᾶν mit Prahle- Tragikern beliebt sind.
sophokle1v3soph_0070.png	248 2968 2009 3028	nander ῾Ραπιζομένῃ fr. 7 Πόθεν Anschaulichkeit wegen wie Eur.
sophokle1v3soph_0070.png	252 3196 578 3253	συμμιγνύς.
sophokle1v3soph_0070.png	310 3253 2137 3329	304. ἐκτίσαιτο nicht ἐκτί- die Figur καθ᾽ ὅλον καὶ μέρος, zu
sophokle1v3soph_0016.png	907 206 1253 249	EINLEITUNG
sophokle1v3soph_0016.png	171 334 1973 411	mit Achilleus den gefährlichsten Stand im Schiffslager ge-
sophokle1v3soph_0016.png	169 404 1976 478	wählt, ἠνορέῃ πίσυνος καὶ κάρτεϊ χειρῶν, zu Ai. 4. Mit
sophokle1v3soph_0016.png	169 476 2041 539	Leib und Seele Krieger, kennt dieser Held ohne Furcht und
sophokle1v3soph_0016.png	170 546 1973 604	Tadel keinerlei Gefahr: nicht sowohl mit berechnender Kühn-
sophokle1v3soph_0016.png	169 616 1979 683	heit angreifend, noch listige Anschläge ersinnend, als fest auf
sophokle1v3soph_0016.png	171 687 1974 757	dem Platze in offener Feldschlacht ausharrend und den Fein-
sophokle1v3soph_0016.png	171 756 1977 825	den hartnäckig wehrend, φέρων σάκος ἠύτε πύργον, tritt er
sophokle1v3soph_0016.png	171 828 1978 889	stets mit würdevoller Ruhe auf. Bieder und gerade ergreift
sophokle1v3soph_0016.png	172 897 1977 966	er selten anders das Wort, als wo er im Kampfe die Seinen
sophokle1v3soph_0016.png	171 965 2097 1042	zum Ausharren anspornt, obschon er unter den ἄνδρες βου-
sophokle1v3soph_0016.png	171 1037 1977 1112	ληφόροι nicht fehlt: was er spricht, ist kurz und derb, wie
sophokle1v3soph_0016.png	171 1105 1981 1177	Pindaros ihn ἄγλωσσος μὲν, ἦτορ δʼ ἄλκιμος nennt. Hat
sophokle1v3soph_0016.png	172 1179 1980 1248	der jugendlich schöne Achilleus Raschheit (ll. 13, 324) und
sophokle1v3soph_0016.png	171 1249 1979 1313	Anmuth, Milde und Schmeidigkeit seines Wesens und Freude
sophokle1v3soph_0016.png	174 1320 1981 1388	an Spiel und Gesang vor ihm voraus, streift Aiasʼ kolossaler
sophokle1v3soph_0016.png	172 1391 1980 1458	Körper und gigantische Kraft an das Riesige, die Dichtungen
sophokle1v3soph_0016.png	171 1461 1979 1525	von beiden Idealen des Heroenthums begegnen sich auf Über-
sophokle1v3soph_0016.png	172 1533 1979 1596	raschende Weise in wesentlichen Punkten, und der tragische
sophokle1v3soph_0016.png	171 1603 1980 1668	Untertang Beider ruht auf gleichem ethischen Grunde. Gleich-
sophokle1v3soph_0016.png	172 1674 1979 1738	wie Achilleus durch Thetisʼ Taufe gefeit war. so ist Aias
sophokle1v3soph_0016.png	176 1745 1978 1807	durch Umhüllung der herakleischen Löwenhaut unverwundbar.
sophokle1v3soph_0016.png	175 1815 1979 1867	nur dass die Achsel oder Hüfte vom Zauber unberührt blieb
sophokle1v3soph_0016.png	174 1886 1977 1949	und er daher, aller Vollkommenheit ungeachtet, eine schwache
sophokle1v3soph_0016.png	175 1957 1978 2020	Stelle am Körper trug, wie Achilleus die Ferse. *) Aiasʼ Zorn
sophokle1v3soph_0016.png	176 2027 1978 2091	gegen die Atriden nach dem Waffengerichte ist das Seiten-
sophokle1v3soph_0016.png	174 2097 1978 2163	stück zu Achilleus' Zorn in Folge der Beleidigung Agamem-
sophokle1v3soph_0016.png	171 2167 1979 2221	nons in der Ilias: doch nimmt der unversöhnte Aias seinen
sophokle1v3soph_0016.png	176 2237 1980 2303	Groll auch in die Unterwelt mit. Nach der äginetischen,
sophokle1v3soph_0016.png	174 2307 1980 2374	von Pindaros besonders verbreiteten Stammsage wurden gar
sophokle1v3soph_0016.png	173 2377 1979 2442	Peleus und Telamon als Brüder auf Aegina und Salamis be-
sophokle1v3soph_0016.png	175 2447 1978 2514	t1rachtet, wesshalb Ai. 645 Aias den Aiakiden beigezählt wird.
sophokle1v3soph_0016.png	174 2518 1978 2586	Die nachhomerischen Dichter versezten Achileus wie Aias
sophokle1v3soph_0016.png	176 2588 1508 2657	auf die lnseln der Seligen oder nach Leuke.
sophokle1v3soph_0016.png	318 2657 1981 2723	Strafbare Ueberhebung des ias tritt in der Ilias nicht
sophokle1v3soph_0016.png	172 2729 1978 2798	hervor, weil er nicht zur tragischen Hauptperson des Ge-
sophokle1v3soph_0016.png	176 2797 1980 2870	dichtes bestimmt ist. Wohl aber verräth sich sein trotzig
sophokle1v3soph_0016.png	174 2867 1978 2935	pochendes Selbstgefühl 7, 196, wo er die Achäer leise zu
sophokle1v3soph_0016.png	176 2938 1979 3024	Zeus für seinen Sieg beten heisst, damit die Troer es nicht
sophokle1v3soph_0016.png	290 3117 1977 3177	Bei Aeschylos versuchte daher Aias vergebens sich in das Schwert
sophokle1v3soph_0016.png	175 3174 1971 3231	zu stürzen, da dieses ἐκάμπτετο, bis ein Dämon ihm die verwundbare
sophokle1v3soph_0016.png	176 3228 1865 3289	Stelle zeigte, Schol. Ai. 834. Vielleicht geht auch Ai. 834 darauf.
