sophoclesplaysa05campgoog_0099.png	1347 373 1548 438	ΑΙΑΣ
sophoclesplaysa05campgoog_0099.png	250 534 2660 619	do I hear thy call and seize it in my soul, as when a Tyrrhenian
sophoclesplaysa05campgoog_0099.png	249 620 2660 706	clarion speaks from mouth of bronze ! And now thou hast dis-
sophoclesplaysa05campgoog_0099.png	251 707 2660 792	cerned aright that I am hunting to and fro on the trail of a
sophoclesplaysa05campgoog_0099.png	251 793 2662 878	foeman, even Ajax of the mighty shield. ’Tis he, and no other,
sophoclesplaysa05campgoog_0099.png	251 881 1516 966	that I have been tracking so long.
sophoclesplaysa05campgoog_0099.png	346 968 2661 1061	This night he hath done to us a thing which passes thought,
sophoclesplaysa05campgoog_0099.png	251 1054 2660 1139	—if he is indeed the doer ; for we know nothing certain, but
sophoclesplaysa05campgoog_0099.png	253 1140 2659 1225	drift in doubt; and I took upon me the burden of this search.
sophoclesplaysa05campgoog_0099.png	253 1227 2660 1314	We have lately found the cattle, our spoil, dead—yea, slaughtered
sophoclesplaysa05campgoog_0099.png	254 1314 2661 1400	by human hand—and dead, beside them, the guardians of the
sophoclesplaysa05campgoog_0099.png	254 1403 475 1468	flocks.
sophoclesplaysa05campgoog_0099.png	387 1488 2658 1572	Now, all men lay this crime to him. And a scout who had
sophoclesplaysa05campgoog_0099.png	258 1828 1401 1895	δρᾶν, ποιεῖν, etc. (cp. 1324).—εἴργασται,
sophoclesplaysa05campgoog_0099.png	254 1895 1404 1962	instead of repeating ἔχει περάνας : cp.
sophoclesplaysa05campgoog_0099.png	262 1959 1407 2024	O. T. 54 ὡς εἴπερ ἄρξεις τῆσδε γῆς, ὥσπερ
sophoclesplaysa05campgoog_0099.png	256 2026 569 2088	κρατεῖς (n.).
sophoclesplaysa05campgoog_0099.png	322 2087 1408 2156	28 τρανές, ‘clear,’ like the cognate
sophoclesplaysa05campgoog_0099.png	255 2152 1401 2220	τορόν (rt. τερ, τρα, τε-τραίνω, to pierce).
sophoclesplaysa05campgoog_0099.png	256 2219 1402 2286	The adj. τρανής is not elsewhere extant
sophoclesplaysa05campgoog_0099.png	256 2285 1406 2350	but τρανῶς is used by Aesch. (Ag. 1371)
sophoclesplaysa05campgoog_0099.png	258 2349 1411 2417	and Eur. (EI. 758). The form τρανός
sophoclesplaysa05campgoog_0099.png	257 2414 1410 2476	was current in later Greek ; the earliest
sophoclesplaysa05campgoog_0099.png	257 2476 1409 2545	instance seems to be Dionys. Halic. (c.
sophoclesplaysa05campgoog_0099.png	261 2545 1409 2610	25 B.C.) De Comp. Verborum c. 22 τρανὴν
sophoclesplaysa05campgoog_0099.png	259 2607 1407 2675	καὶ καθαρὰν δύναμιν.—ἀλώμεθα : this fig.
sophoclesplaysa05campgoog_0099.png	260 2675 1411 2739	sense, with ref. to uncertainty (‘to be at
sophoclesplaysa05campgoog_0099.png	260 2739 1412 2805	sea,’ as we say), belongs nowhere else to
sophoclesplaysa05campgoog_0099.png	260 2805 1406 2866	this verb, but often to πλανᾶσθαι (Her.
sophoclesplaysa05campgoog_0099.png	261 2870 1411 2942	6. 37, etc.; Plat. Hipp. Ma. 304 C πλαν-
sophoclesplaysa05campgoog_0099.png	262 2937 915 3000	ῶμαι μὲν καὶ ἀπορῶ ἀεί).
sophoclesplaysa05campgoog_0099.png	327 2996 1413 3065	24 ’θελοντής. The form ἐθελοντής
sophoclesplaysa05campgoog_0099.png	261 3065 1412 3130	occurs in Herodotus, Thucydides, Xeno-
sophoclesplaysa05campgoog_0099.png	264 3130 1414 3207	phon, and the Orators, as ἐθελοντήρ does
sophoclesplaysa05campgoog_0099.png	261 3195 1410 3262	in Od. 2. 292. On the other hand θελον-
sophoclesplaysa05campgoog_0099.png	263 3261 1416 3325	τής is cited only from Porphyrius (c. 270
sophoclesplaysa05campgoog_0099.png	262 3325 1415 3389	A. D., see Lobeck, Phryn. 7) and Hierocles
sophoclesplaysa05campgoog_0099.png	263 3388 1415 3459	(c. 450 A.D.), ap. Stob. Flor. 75. 14
sophoclesplaysa05campgoog_0099.png	266 3455 1415 3522	(p. 449. 20). Similarly ἐθελήμων is the
sophoclesplaysa05campgoog_0099.png	263 3519 1417 3588	form used by Plato (Crat. 406 A), while
sophoclesplaysa05campgoog_0099.png	263 3585 1415 3651	the earliest authority for θελήμων is Apoll.
sophoclesplaysa05campgoog_0099.png	269 3651 1417 3716	Rhod. 2. 557. In tragic iambics θέλω
sophoclesplaysa05campgoog_0099.png	265 3716 1415 3781	was naturally preferred, on metrical
sophoclesplaysa05campgoog_0099.png	264 3781 1418 3849	grounds, to ἐθέλω, though the latter
sophoclesplaysa05campgoog_0099.png	265 3846 1415 3923	occurs in tragic anapaests (as O. T. 1303,
sophoclesplaysa05campgoog_0099.png	265 3911 1418 3977	Ph. 145). If θελοντής were found in a
sophoclesplaysa05campgoog_0099.png	268 3976 1419 4054	passage where metre required it, the rarity
sophoclesplaysa05campgoog_0099.png	265 4041 1415 4108	of the form would not justify its rejection.
sophoclesplaysa05campgoog_0099.png	269 4106 1417 4171	But where, as here, aphaeresis was avail-
sophoclesplaysa05campgoog_0099.png	267 4170 1419 4236	able, it is surely more probable that the
sophoclesplaysa05campgoog_0099.png	2189 1577 2659 1641	descried him
sophoclesplaysa05campgoog_0099.png	1506 1829 2255 1897	ἀνάγκαις ταῖσδʼ ὑπέζευγμαι.
sophoclesplaysa05campgoog_0099.png	1574 1895 2664 1963	26 f. κατηναρισμένας : for ἐναρίζω
sophoclesplaysa05campgoog_0099.png	1512 1959 2664 2026	‘to slay’ (properly with the further notion
sophoclesplaysa05campgoog_0099.png	1509 2023 2662 2092	of ‘despoiling’) cp. O. C. 1733, Tr. 94.
sophoclesplaysa05campgoog_0099.png	1511 2090 2665 2159	From the cognate form κατεναίρομαι we
sophoclesplaysa05campgoog_0099.png	1510 2153 2663 2223	have κατήναρες in Ant. 871.— ἐκ χειρὸς,
sophoclesplaysa05campgoog_0099.png	1509 2219 2664 2287	by a human hand. The military sense,
sophoclesplaysa05campgoog_0099.png	1513 2285 2662 2353	‘at close quarters’ (Xen. H. 7. 2. 14 ἐνέ-
sophoclesplaysa05campgoog_0099.png	1509 2351 2666 2417	βαλον καὶ ἐκ χειρὸς ἐμάχοντο), is less fitting
sophoclesplaysa05campgoog_0099.png	1512 2413 2663 2482	here.—αὐτοῖς ποιμνίων ἐπιστάταις : cp.
sophoclesplaysa05campgoog_0099.png	1512 2481 2667 2549	fr. 873 αὐτοῖσιν ὅπλοις. The idiom occurs
sophoclesplaysa05campgoog_0099.png	1512 2545 2666 2610	in the Iliad (as 8. 24),—sometimes with
sophoclesplaysa05campgoog_0099.png	1514 2609 2666 2679	σύν added (as 14. 498), a form of it found
sophoclesplaysa05campgoog_0099.png	1513 2676 2667 2744	also, though not often, in later poetry
sophoclesplaysa05campgoog_0099.png	1514 2740 2665 2808	(Eur. Ion 32 αὐτῷ, ξὺν ἄγγει).— ἐπιστά-
sophoclesplaysa05campgoog_0099.png	1513 2807 2667 2872	ταις, ‘overseers,’ ‘masters’ or ‘guardians’
sophoclesplaysa05campgoog_0099.png	1514 2871 2668 2937	of them ; as a warrior is ὅπλων ἐπιστάτης
sophoclesplaysa05campgoog_0099.png	1516 2936 2666 3005	(Aesch. Pers. 379), and a rower, ἐρετμῶν
sophoclesplaysa05campgoog_0099.png	1516 3000 2669 3067	(Eur. Helen. 1267). Cp. Eur. fr. 188. 4
sophoclesplaysa05campgoog_0099.png	1515 3067 2668 3130	σκάπτων, ἀρῶν γῆν, ποιμνίοις ἐπιστα-
sophoclesplaysa05campgoog_0099.png	1515 3131 2670 3198	τῶν. The herdsmen being dead, there
sophoclesplaysa05campgoog_0099.png	1516 3196 2668 3263	was no one who could identify the as-
sophoclesplaysa05campgoog_0099.png	1516 3261 1709 3312	sailant.
sophoclesplaysa05campgoog_0099.png	1584 3326 2669 3380	28 πᾶς τις. The deed was found
sophoclesplaysa05campgoog_0099.png	1516 3391 2671 3457	out at dawn. Common rumour at once
sophoclesplaysa05campgoog_0099.png	1518 3455 2667 3523	pointed to Ajax. Then the ὀπτήρ (29)
sophoclesplaysa05campgoog_0099.png	1518 3521 2670 3587	informed Odysseus, who reached the tent
sophoclesplaysa05campgoog_0099.png	1518 3585 2670 3654	of Ajax very soon after the latter’s return;
sophoclesplaysa05campgoog_0099.png	1517 3652 2672 3719	as is shown by 296—304 compared with
sophoclesplaysa05campgoog_0099.png	1519 3732 1761 3783	91—113.
sophoclesplaysa05campgoog_0099.png	1583 3779 2671 3848	νέμει: cp. Galen 7. 582 (Kühn) οὐκ
sophoclesplaysa05campgoog_0099.png	1520 3847 2669 3906	ἴσην ἅπασι νέμει τὴν αἰτίαν.—The cor-
sophoclesplaysa05campgoog_0099.png	1520 3910 2671 3978	rupt τρέπει may have come from the
sophoclesplaysa05campgoog_0099.png	1520 3977 2671 4053	gloss on ἐκείνῳ..νέμει which occurs
sophoclesplaysa05campgoog_0099.png	1520 4041 2672 4108	in some of the later MSS., εἰς αὐτὸν
sophoclesplaysa05campgoog_0099.png	1520 4106 2674 4170	τρέπει. This is one of the few instances
sophoclesplaysa05campgoog_0099.png	1524 4170 2675 4238	(like Ant. 386 and 831) where a true
sophoclesplaysa05campgoog_0099.png	270 4233 1426 4302	poet wrote ἐθελοντής.—ὑπεζύγην, as if
sophoclesplaysa05campgoog_0099.png	1522 4236 2674 4303	reading, lost in L, has been preserved in other MSS. Cp. crit. notes on 44, 61.
sophoclesplaysa05campgoog_0099.png	270 4300 2676 4498	29 τις placed before its noun: 1163: Ph. 519.—ὀπτὴρ, a scout; cp. Od. 14.
sophoclesplaysa05campgoog_0099.png	268 4301 1421 4368	the task were a yoke under which he
sophoclesplaysa05campgoog_0099.png	270 4365 1423 4432	placed himself: cp. Ph. 1025 κλοπῇ τε κἀνάγκῃ ζυγείς (n.): Aesch. P. V. 108
sophoclesplaysa05campgoog_0136.png	301 384 382 456	52
sophoclesplaysa05campgoog_0136.png	1158 372 1810 481	ΣΟΦΟΛΕΟΥΣ
sophoclesplaysa05campgoog_0136.png	302 528 2032 662	ΤΕ. ἁνὴρ ἐκεῖνος, ἡνίκ’ ἦν ἐν τῇ νόσῳ,
sophoclesplaysa05campgoog_0136.png	506 632 2085 761	αὐτὸς μὲν ἥδεθ’ οἷσιν εἴχετ’ ἐν κακοῖς,
sophoclesplaysa05campgoog_0136.png	502 733 2063 841	ἡμᾶς δὲ τοὺς φρονοῦντας ἠνία ξυνών·
sophoclesplaysa05campgoog_0136.png	505 832 2113 941	νῦν δ’ ὡς ἔληξε κἀνέπνευσε τῆς νόσου,
sophoclesplaysa05campgoog_0136.png	506 939 1936 1041	κεῖνός τε λύπῃ πᾶς ἐλήλαται κακῇ
sophoclesplaysa05campgoog_0136.png	501 1034 2151 1143	ἡμεῖς θ’ ὁμοίως οὐδὲν ἧσσον ἢ πάρος.
sophoclesplaysa05campgoog_0136.png	506 1135 2199 1242	ἆρ’ ἔστι ταῦτα δὶς τόσ’ ἐξ ἁπλῶν κακά ;
sophoclesplaysa05campgoog_0136.png	306 1233 2194 1364	ΧΟ. ξύμφημι δή σοι, καὶ δέδοικα μὴ ’κ θεοῦ
sophoclesplaysa05campgoog_0136.png	502 1341 2203 1444	πληγή τις ἥκῃ. πῶς γάρ, εἰ πεπαυμένος
sophoclesplaysa05campgoog_0136.png	502 1436 2217 1546	μηδέν τι μᾶλλον ἢ νοσῶν εὐφραίνεται ;
sophoclesplaysa05campgoog_0136.png	304 1536 2235 1643	ΤΕ. ὡς ὧδ’ ἐχόντων τῶνδ’ ἐπίστασθαί σε χρή.
sophoclesplaysa05campgoog_0136.png	303 1641 2454 1744	ΧΟ. τίς γάρ ποτ’ ἀρχὴ τοῦ κακοῦ προσέπτατο ;
sophoclesplaysa05campgoog_0136.png	465 1736 2099 1866	δήλωσον ἡμῖν τοῖς ξυναλγοῦσιν τύχας.
sophoclesplaysa05campgoog_0136.png	304 1839 2145 1944	ΤΕ. ἅπαν μαθήσει τοὔργον, ὡς κοινωνὸς ὤν.
sophoclesplaysa05campgoog_0136.png	507 1942 2128 2062	κεῖνος γὰρ ἄκρας νυκτός, ἡνίχ’ ἕσπεροι
sophoclesplaysa05campgoog_0136.png	506 2036 2125 2139	λαμπτῆρες οὐκέτ’ ᾖθον, ἄμφηκες λαβὼν
sophoclesplaysa05campgoog_0136.png	2559 956 2697 1028	275
sophoclesplaysa05campgoog_0136.png	2560 1442 2703 1513	280
sophoclesplaysa05campgoog_0136.png	2557 1943 2695 2033	285
sophoclesplaysa05campgoog_0136.png	305 2227 2701 2293	271 ἀνὴρ] ἀνὴρ MSS., and Ald. 278 φρονοῦντας] In L the first corrector (S)
sophoclesplaysa05campgoog_0136.png	305 2293 2706 2358	notes, γρ. βλέποντας, which Hermann reads. 276 ἡμεῖς θ’] One MS. of Suidas
sophoclesplaysa05campgoog_0136.png	371 2552 1455 2622	272 f. οἷσιν εἴχετ’ ἐν κακοῖς = κακοῖς
sophoclesplaysa05campgoog_0136.png	306 2621 1454 2689	ἐν οἶς εἴχετο : cp. 1144 : Her. 9. 37 ἐν
sophoclesplaysa05campgoog_0136.png	304 2686 1456 2754	τούτῳ τῷ κακῷ ἐχόμενος. The antecedent
sophoclesplaysa05campgoog_0136.png	307 2748 1449 2817	κακοῖς is drawn into the relative clause,
sophoclesplaysa05campgoog_0136.png	306 2815 1453 2883	though here its case is not thereby affected:
sophoclesplaysa05campgoog_0136.png	305 2881 1453 2949	cp. Ant. 404 θάπτουσαν ὃν σὺ τὸν νεκρὸν |
sophoclesplaysa05campgoog_0136.png	306 2950 530 3014	ἀπεῖπας.
sophoclesplaysa05campgoog_0136.png	345 3008 1450 3078	φρονοῦντας is far better than the v. l.
sophoclesplaysa05campgoog_0136.png	307 3075 1458 3144	βλέποντας: it hints what is meant by
sophoclesplaysa05campgoog_0136.png	306 3144 789 3209	the vague κακοῖς.
sophoclesplaysa05campgoog_0136.png	372 3204 1457 3259	274 κἀνέπνευσε : after the actual
sophoclesplaysa05campgoog_0136.png	305 3270 1456 3340	cessation (ἔληξε), a brief space is still
sophoclesplaysa05campgoog_0136.png	306 3336 1449 3404	needed to permit ἀναπνοή. Cp. Il. 11.
sophoclesplaysa05campgoog_0136.png	306 3403 1457 3470	382 ἀνέπνευσαν κακότητος : and n. on
sophoclesplaysa05campgoog_0136.png	314 3468 669 3533	O. C. 1113 f.
sophoclesplaysa05campgoog_0136.png	374 3531 1456 3596	275 Instead of κεῖνος, we might
sophoclesplaysa05campgoog_0136.png	306 3596 1456 3648	have looked for αὐτός : but the former
sophoclesplaysa05campgoog_0136.png	306 3661 1461 3727	has been preferred, because it better
sophoclesplaysa05campgoog_0136.png	306 3726 1456 3792	marks the antithesis between Ajax and
sophoclesplaysa05campgoog_0136.png	306 3790 1456 3856	his friends.—πᾶς, adverbial : Ph. 386
sophoclesplaysa05campgoog_0136.png	308 3856 1458 3922	πόλις γάρ ἐστι πᾶσα τῶν ἡγουμένων.—
sophoclesplaysa05campgoog_0136.png	307 3920 1455 3991	ἐλήλαται: Tr. 1045 (συμφορὰς) οἵαις..
sophoclesplaysa05campgoog_0136.png	309 3984 1453 4051	ἐλαύνεται (n.). For the emphatic perf.,
sophoclesplaysa05campgoog_0136.png	309 4051 1456 4120	cp. EI. 64. Here it expresses that com-
sophoclesplaysa05campgoog_0136.png	307 4115 1458 4186	plete prostration has at once followed the
sophoclesplaysa05campgoog_0136.png	308 4180 1457 4249	return of sanity: cp. Plat. Phaedo p. 80 D
sophoclesplaysa05campgoog_0136.png	310 4247 1458 4312	ἡ δὲ ψυχὴ.. ἀπαλλαττομένη τοῦ σώματος
sophoclesplaysa05campgoog_0136.png	309 4313 1308 4379	εὐθὺς διαπεφύσηται καὶ ἀπόλωλεν.
sophoclesplaysa05campgoog_0136.png	1554 2553 2703 2624	Il. I. 213 τρὶς τόσσα.. δῶρα: Eur. EI.
sophoclesplaysa05campgoog_0136.png	1561 2620 2705 2687	1092 δὶς τόσως (‘in double measure’).-
sophoclesplaysa05campgoog_0136.png	1554 2682 2696 2755	ἐξ ἁπλῶν: Tr. 619 (χάρις) ἐξ ἁπλῆς διπλῆ.
sophoclesplaysa05campgoog_0136.png	1623 2749 2704 2818	278 ff. δέδοικα μὴ.. ἥκῃ. Though
sophoclesplaysa05campgoog_0136.png	1553 2812 2705 2883	ἥκει is tenable (‘I fear that it certainly
sophoclesplaysa05campgoog_0136.png	1554 2880 2705 2948	has come’ ), ἥκῃ seems better, since there
sophoclesplaysa05campgoog_0136.png	1555 2947 2705 3012	is still a real uncertainty and anxiety in
sophoclesplaysa05campgoog_0136.png	1555 3010 2703 3076	their minds. See on El. 580. (ἥκοι,
sophoclesplaysa05campgoog_0136.png	1555 3075 2713 3140	which was the common reading, is of
sophoclesplaysa05campgoog_0136.png	1556 3138 2219 3208	course impossible here.)
sophoclesplaysa05campgoog_0136.png	1617 3205 2703 3272	πῶς γάρ, sc. ἄλλῶς ἔχει; Normally,
sophoclesplaysa05campgoog_0136.png	1555 3270 2707 3337	πῶς γάρ follows a negative statement, as
sophoclesplaysa05campgoog_0136.png	1556 3334 2702 3402	in EI. 911 οὐδ’ αὖ σύ· πῶς γάρ; (sc.
sophoclesplaysa05campgoog_0136.png	1554 3399 2703 3465	ἔδρασας): while πῶς γὰρ οὔ follows an
sophoclesplaysa05campgoog_0136.png	1556 3465 2702 3533	affirmative, as ib. 1307 οἶσθα μὲν τἀν-
sophoclesplaysa05campgoog_0136.png	1559 3530 2706 3598	θένδε, πῶς γὰρ οὔ; The use of πῶς γάρ
sophoclesplaysa05campgoog_0136.png	1555 3595 2706 3660	here is thus peculiar, though the sense is
sophoclesplaysa05campgoog_0136.png	1556 3661 1704 3712	clear.
sophoclesplaysa05campgoog_0136.png	1622 3723 2705 3791	εἰ πεπαυμένος κ.τ.λ. The fact that
sophoclesplaysa05campgoog_0136.png	1558 3790 2707 3857	despair has succeeded to frenzy argues
sophoclesplaysa05campgoog_0136.png	1557 3855 2707 3921	that he is under the spell of some angry
sophoclesplaysa05campgoog_0136.png	1556 3920 2701 3989	god. When the malady passed away,
sophoclesplaysa05campgoog_0136.png	1556 3985 2706 4050	his mind ought to have recovered a
sophoclesplaysa05campgoog_0136.png	1556 4050 2703 4116	healthy tone. They had already hinted
sophoclesplaysa05campgoog_0136.png	1557 4114 2556 4181	at a θεία νόσος as a possibility (186).
sophoclesplaysa05campgoog_0136.png	1625 4179 2706 4246	μηδέν τι: Eur. Andr. 1234 μηδέν τι
sophoclesplaysa05campgoog_0136.png	1557 4246 2548 4310	λίαν : Alc. 522 οὐδέν τι μᾶλλον οἶδα.
sophoclesplaysa05campgoog_0136.png	1626 4307 2706 4376	281 ὡς ὧδ’ ἐχόντων κ.τ-λ.: ὡς marks
sophoclesplaysa05campgoog_0136.png	1557 4375 2703 4442	the point of view to be taken : the gen.
sophoclesplaysa05campgoog_0136.png	310 4439 2707 4507	abs. presents the state of the facts as the
sophoclesplaysa05campgoog_0137.png	1350 368 1548 436	ΑΙΑΣ
sophoclesplaysa05campgoog_0137.png	379 533 2652 617	TE. Yon man, while frenzied, found his own joy in the dire
sophoclesplaysa05campgoog_0137.png	252 618 2652 709	fantasies that held him, though his presence was grievous to us
sophoclesplaysa05campgoog_0137.png	249 707 2653 792	who were sane ; but now, since he hath had pause and respite
sophoclesplaysa05campgoog_0137.png	250 792 2653 878	from the plague, he is utterly afflicted with sore grief, and we
sophoclesplaysa05campgoog_0137.png	254 879 2647 959	likewise, no less than before. Have we not here two sorrows,
sophoclesplaysa05campgoog_0137.png	91 966 827 1055	instead of one ?
sophoclesplaysa05campgoog_0137.png	383 1052 2650 1138	CH. Yea verily: and I fear lest the stroke of a god hath
sophoclesplaysa05campgoog_0137.png	251 1139 2652 1225	fallen. How else, if his spirit is no lighter, now that the malady
sophoclesplaysa05campgoog_0137.png	252 1227 1627 1311	is overpast, than when it vexed him ?
sophoclesplaysa05campgoog_0137.png	381 1312 2093 1392	TE. Thus stands the matter, be well assured.
sophoclesplaysa05campgoog_0137.png	383 1394 2651 1487	CH. And in what wise did the plague first swoop upon him ?
sophoclesplaysa05campgoog_0137.png	251 1486 2028 1571	Declare to us, who share thy pain, how it befell.
sophoclesplaysa05campgoog_0137.png	382 1573 2653 1657	TE. Thou shalt hear all that chanced, as one who hath part
sophoclesplaysa05campgoog_0137.png	250 1660 2654 1750	therein. At dead of night, when the evening lamps no longer
sophoclesplaysa05campgoog_0137.png	1499 1747 2650 1830	burned, he seized a two-edged
sophoclesplaysa05campgoog_0137.png	250 1905 2653 1974	(s. v. ἐξ ἁπλῶν), viz. V (the Vossianus, at Leyden), has ἡμεῖς δ’: but this is doubtless
sophoclesplaysa05campgoog_0137.png	249 1970 2652 2040	a mere slip, due to v. 273. 277 ἆρ’ ἔστι] ἄρ εστὶ L. 278 μὴ ’κ θεοῦ] Blaydes
sophoclesplaysa05campgoog_0137.png	249 2035 2653 2106	conj. μὴ θεοῦ. 279 ἤκῃ Suidas (s. v. δέδοικα) : ἤκοι L, A, with most MSS., and
sophoclesplaysa05campgoog_0137.png	250 2103 2651 2169	Ald.: but a few have ἥκῃ, ἥκη, or ἦκει.—πεπαυμένος] πεπαυμένης Aug. b. 288 ξυν-
sophoclesplaysa05campgoog_0137.png	251 2168 1537 2231	αλγοῦσι L, A, Γ, etc.—Nauck writes τύχαις.
sophoclesplaysa05campgoog_0137.png	249 2409 1400 2476	condition under which one’s opinion must
sophoclesplaysa05campgoog_0137.png	250 2474 1403 2541	be formed. Cp. Aesch. P. V. 760 ὡς
sophoclesplaysa05campgoog_0137.png	250 2538 1397 2617	τοίνυν ὄντων τῶνδέ σοι μαθεῖν πάρα. Eur.
sophoclesplaysa05campgoog_0137.png	250 2603 1400 2671	Med. 1311 ὡς οὐκέτ’ ὄντων σῶν τέκνων
sophoclesplaysa05campgoog_0137.png	250 2668 1398 2738	φρόντιζε δή. Thuc. 7. 15 § I ὡς .. τῶν
sophoclesplaysa05campgoog_0137.png	248 2736 1401 2802	στρατιωτῶν.. μὴ μεμπτῶν γεγενημένων
sophoclesplaysa05campgoog_0137.png	252 2800 1397 2865	οὔτω τὴν γνώμην ἔχετε. Xen. An. I. 3.
sophoclesplaysa05campgoog_0137.png	252 2863 1400 2927	6 ὡς ἐμοῦ οὖν ἰόντος ὅπῃ ἂν καὶ ὑμεῖς, οὔτω
sophoclesplaysa05campgoog_0137.png	250 2929 1394 2997	τὴν γνώμην ἔχετε. See also below, 904,
sophoclesplaysa05campgoog_0137.png	251 2997 363 3061	981.
sophoclesplaysa05campgoog_0137.png	317 3056 1394 3126	282 f. τίς γάρ : for γάρ in question,
sophoclesplaysa05campgoog_0137.png	250 3123 1400 3191	cp. Ph. 161, 327, 65 —προσέπτατο, as
sophoclesplaysa05campgoog_0137.png	252 3190 1398 3258	if winged to its aim by the god ; Aesch.
sophoclesplaysa05campgoog_0137.png	252 3253 1403 3319	P. V. 644 (the heaven-sent trouble) ὅθεν
sophoclesplaysa05campgoog_0137.png	250 3320 1401 3388	μοι σχετλίᾳ προσέπτατο : Eur. Alc. 420
sophoclesplaysa05campgoog_0137.png	251 3383 1205 3449	κοὐκ ἄφνω κακὸν τόδε | προσέπτατ’.
sophoclesplaysa05campgoog_0137.png	318 3449 1398 3518	From the Homeric ἔπτατο (Il. 13. 592,
sophoclesplaysa05campgoog_0137.png	250 3515 1400 3580	etc.) Tragedy borrows this non-thematic
sophoclesplaysa05campgoog_0137.png	249 3579 1400 3647	aor. (of which the active form would be
sophoclesplaysa05campgoog_0137.png	251 3644 1399 3711	ἔπτην): cp. 693. The aor. of πέτομαι in
sophoclesplaysa05campgoog_0137.png	250 3708 1398 3774	Attic Comedy and prose is usu. ἐπτόμην
sophoclesplaysa05campgoog_0137.png	253 3774 1398 3854	(see Veitch, Irreg. Verbs, 2nd ed., p. 530) :
sophoclesplaysa05campgoog_0137.png	249 3839 1399 3906	and of this we have the inf. πτέσθαι in
sophoclesplaysa05campgoog_0137.png	255 3905 1400 3972	O. T. 17,—again in accord with Homeric
sophoclesplaysa05campgoog_0137.png	249 3967 1177 4037	precedent (Il. 4. 126 ἐπιπτέσθαι).
sophoclesplaysa05campgoog_0137.png	313 4031 1399 4101	τύχας depends on δήλωσον. The
sophoclesplaysa05campgoog_0137.png	249 4099 1398 4167	change to τύχαις, dependent on ξυναλ-
sophoclesplaysa05campgoog_0137.png	1501 2409 2653 2476	means here, ‘at dead of night.’ The
sophoclesplaysa05campgoog_0137.png	1500 2474 2652 2541	only other instance of ἄκρος so used
sophoclesplaysa05campgoog_0137.png	1503 2539 2653 2608	(natural though the use is) seems to be
sophoclesplaysa05campgoog_0137.png	1500 2604 2651 2672	Theocr. 11. 36 τυρὸς δ’ οὐ λείπει μ’ οὔτ’ ἐν
sophoclesplaysa05campgoog_0137.png	1502 2667 2653 2737	θέρει οὔτ’ ἐν ὀπώρῃ, | οὐ χειμῶνος ἄκρω
sophoclesplaysa05campgoog_0137.png	1504 2732 2654 2801	(‘depth of winter’). Elsewhere ἄκρα
sophoclesplaysa05campgoog_0137.png	1500 2798 2660 2867	νύξ means either (1) the beginning of
sophoclesplaysa05campgoog_0137.png	1500 2865 2653 2932	night, nightfall, as in Aratus 775 ἄκρῃ
sophoclesplaysa05campgoog_0137.png	1499 2930 2651 2996	νυκτί: or (2) the verge between night
sophoclesplaysa05campgoog_0137.png	1501 2992 2652 3060	and dawn, as ib. 308 ἀκρόθι νυκτός. In
sophoclesplaysa05campgoog_0137.png	1500 3060 2652 3126	Theophrastus De Sign. Pluv. 1. § 2 (p.
sophoclesplaysa05campgoog_0137.png	1504 3122 2652 3190	389 ed. Wimmer) the ἀκρόνυχοι ἀνα-
sophoclesplaysa05campgoog_0137.png	1500 3187 2651 3256	τολαί of stars are their risings ὅταν ἅμα
sophoclesplaysa05campgoog_0137.png	1502 3254 2653 3318	δυομένῳ ἀνατέλλῃ (τὰ ἄστρα), i.e. soon
sophoclesplaysa05campgoog_0137.png	1500 3315 2659 3386	after sunset, at nightfall. The sense of
sophoclesplaysa05campgoog_0137.png	1502 3380 2650 3449	ἀκρέσπερος varies like that of ἄκρα νύξ.
sophoclesplaysa05campgoog_0137.png	1503 3447 2651 3518	In Hippocr. Epidem. 7. 653 ἀκρέσπερος
sophoclesplaysa05campgoog_0137.png	1501 3514 2653 3582	φρίκη is a chill at the approach of evening
sophoclesplaysa05campgoog_0137.png	1502 3579 2651 3646	(as Galen Exeg. p. 418 explains); while
sophoclesplaysa05campgoog_0137.png	1500 3645 2651 3711	in Nicander Ther. 25 ἀκρέσπερος is ex-
sophoclesplaysa05campgoog_0137.png	1500 3707 2657 3777	plained by the schol. as= ‘at the close of
sophoclesplaysa05campgoog_0137.png	1499 3773 2651 3841	evening,’ ‘at nightfall.’ The latter is
sophoclesplaysa05campgoog_0137.png	1500 3838 2649 3906	the sense of ἄκρᾳ σὺν ἑσπέρᾳ in Pindar P.
sophoclesplaysa05campgoog_0137.png	1506 3902 2651 3970	11. 10. [In Arist. H. A. 9. 34, p. 619 b
sophoclesplaysa05campgoog_0137.png	1502 3966 2648 4036	21, the words ἄχρις ἑσπερίου have been
sophoclesplaysa05campgoog_0137.png	1498 4034 2646 4100	conjecturally changed to τὴν ἀρχέσπερον,
sophoclesplaysa05campgoog_0137.png	1498 4098 2646 4166	from Athen. p. 353 B or to τὴν ἀκρέ-
sophoclesplaysa05campgoog_0137.png	1497 4162 2646 4229	σπερον : the sense required is ’at night-
sophoclesplaysa05campgoog_0137.png	1498 4230 1644 4292	fall.’]
sophoclesplaysa05campgoog_0137.png	1563 4291 2645 4360	286 λαμπτῆρες. These were braziers,
sophoclesplaysa05campgoog_0035.png	420 368 596 432	xxviii
sophoclesplaysa05campgoog_0035.png	1250 366 1973 428	INTRODUCTION.
sophoclesplaysa05campgoog_0035.png	424 518 2830 610	and expresses a wish to take part in the obsequies. Teucer
sophoclesplaysa05campgoog_0035.png	423 620 2838 713	warmly thanks him,—contrasting his noble conduct with that of
sophoclesplaysa05campgoog_0035.png	423 725 2828 812	the Atreidae. He fears to accept the co-operation of Odysseus
sophoclesplaysa05campgoog_0035.png	424 824 2826 915	in the actual rites, lest that should displease the dead; but will
sophoclesplaysa05campgoog_0035.png	422 929 2827 1020	welcome his presence as a spectator, and his help in conciliating
sophoclesplaysa05campgoog_0035.png	423 1038 2113 1124	the army. Odysseus assents, and withdraws.
sophoclesplaysa05campgoog_0035.png	554 1138 2826 1221	Various tasks in relation to the funeral are now assigned to
sophoclesplaysa05campgoog_0035.png	422 1241 2827 1328	the Chorus by Teucer. He raises the body of the hero, directing
sophoclesplaysa05campgoog_0035.png	423 1346 2824 1431	the child to lay his hand upon it, that he too may have a part
sophoclesplaysa05campgoog_0035.png	425 1446 2824 1532	in the office. Then Ajax is carried forth, followed by his wife
sophoclesplaysa05campgoog_0035.png	424 1548 2823 1631	and his son, with Teucer and the Salaminian warriors, to be laid
sophoclesplaysa05campgoog_0035.png	423 1654 2824 1757	by the Hellespont in his grave at Cape Rhoeteum, the grave
sophoclesplaysa05campgoog_0035.png	422 1758 2210 1842	which was to be ‘ever memorable among men1.’
sophoclesplaysa05campgoog_0035.png	100 1960 2825 2047	Dramatic § 9. The first question which this play suggests is one which
sophoclesplaysa05campgoog_0035.png	96 2040 315 2105	unity of
sophoclesplaysa05campgoog_0035.png	98 2107 336 2172	the play.
sophoclesplaysa05campgoog_0035.png	426 2064 2827 2148	must be considered before any criticism of detail can be profit-
sophoclesplaysa05campgoog_0035.png	422 2167 2827 2254	ably attempted—before, indeed, even the character of the hero
sophoclesplaysa05campgoog_0035.png	424 2269 3000 2355	himself, as drawn by Sophocles, can be properly appreciated.
sophoclesplaysa05campgoog_0035.png	429 2374 2827 2457	How did the poet conceive the subject of his drama as a whole ?
sophoclesplaysa05campgoog_0035.png	425 2477 2827 2560	What was the nature of the unity which he intended his work to
sophoclesplaysa05campgoog_0035.png	426 2580 2827 2667	possess ? Ajax dies at verse 865 : more than a third of the play
sophoclesplaysa05campgoog_0035.png	426 2683 2826 2769	follows his death, and is concerned with the question as to
sophoclesplaysa05campgoog_0035.png	425 2786 2824 2871	whether he is, or is not, to be buried. A reader is apt to feel
sophoclesplaysa05campgoog_0035.png	426 2888 2825 2973	that, with the suicide of Ajax, the principal interest has dis-
sophoclesplaysa05campgoog_0035.png	429 2992 2828 3077	appeared. Modern criticism has suggested various apologies
sophoclesplaysa05campgoog_0035.png	428 3094 2826 3181	for the latter part of the play; the supreme importance which
sophoclesplaysa05campgoog_0035.png	430 3198 2828 3285	the ancient Greeks attached to funeral rites, as affecting the
sophoclesplaysa05campgoog_0035.png	429 3302 2828 3386	condition of the departed spirit ; the advantage incidental to the
sophoclesplaysa05campgoog_0035.png	430 3406 2838 3489	controversy between Teucer and the Atreidae, that the merits of
sophoclesplaysa05campgoog_0035.png	431 3509 2828 3596	Ajax are triumphantly asserted; the edifying victory of prudence
sophoclesplaysa05campgoog_0035.png	430 3611 2828 3697	and magnanimity in the person of Odysseus. All such con-
sophoclesplaysa05campgoog_0035.png	432 3714 2838 3802	siderations, however, tend only to show, first, that this part of
sophoclesplaysa05campgoog_0035.png	432 3816 2828 3906	the play would have been interesting, on general grounds, to a
sophoclesplaysa05campgoog_0035.png	433 3918 2828 4006	Greek audience; and secondly, that it is not irrelevant to the
sophoclesplaysa05campgoog_0035.png	432 4024 2837 4114	subject of the earlier portion. But more than this is required, if
sophoclesplaysa05campgoog_0035.png	432 4128 2838 4213	the sequel to the hero’s death is to be justified as a matter of
sophoclesplaysa05campgoog_0035.png	432 4234 2829 4319	dramatic art. It has to be explained how the action of the
sophoclesplaysa05campgoog_0035.png	615 4399 2633 4474	1 The words of the Chorus in vv. 1166 f., βροτοῖς τὸν ἀείμνηστον | τάφον.
sophoclesplaysa05campgoog_0088.png	1273 366 1887 434	ΣΟΦΟΚΛΕΟΥΣ
sophoclesplaysa05campgoog_0088.png	368 520 2794 621	γὰρ ἐν τῇ μάχῃ τοῦ Ἀχιλλέως ἐδόκουν Αἴας τε καὶ Ὀδυσσεὺς ἐπʼ αὐτῷ
sophoclesplaysa05campgoog_0088.png	368 620 2790 704	πλέον τι ἀριστεύειν περὶ τὴν τοῦ σώματος κομιδήν· καὶ κρινομένων περὶ
sophoclesplaysa05campgoog_0088.png	374 718 2787 804	τῶν ὅπλων κρατεῖ Ὀδυσσεύς. ὅθεν καὶ ὁ Αἴας τῆς κρίσεως μὴ τυχὼν
sophoclesplaysa05campgoog_0088.png	373 817 2792 901	παρακεκίνηται καὶ διέφθαρται τὴν γνώμην, ὥστε ἐφαπτόμενος τῶν ποιμνίων
sophoclesplaysa05campgoog_0088.png	306 915 2784 998	5 δοκεῖν τοὺς Ἕλληνας διαχειρίσασθαι. καὶ τὰ μὲν ἀνεῖλε τῶν τετραπόδων,
sophoclesplaysa05campgoog_0088.png	370 1012 2789 1097	τὰ δὲ δήσας ἀπάγει ἐπὶ τὴν σκηνήν· ἐν οἷς ἐστί τις καὶ κριὸς ἔξοχος, ὃν
sophoclesplaysa05campgoog_0088.png	372 1107 2787 1195	ᾤετο εἶναι Ὀδυσσέα, ὃν δήσας ἐμαστίγωσεν, ὅθεν καὶ τῇ ἐπιγραφῇ πρό-
sophoclesplaysa05campgoog_0088.png	375 1208 2790 1289	κειται ΜΑΣΤΙΓΟΦΟΡΟΣ, ἢ πρὸς ἀντιδιαστολὴν τοῦ ΛΟΚΡΟΥ. Δικαί-
sophoclesplaysa05campgoog_0088.png	373 1307 2792 1391	αρχος δὲ ΑΙΑΝΤΟΣ ΘΑΝΑΤΟΝ ἐπιγράφει. ἐν δὲ ταῖς διδασκαλίαις
sophoclesplaysa05campgoog_0088.png	271 1404 1260 1487	10 ψιλῶς ΑΙΑΣ ἀναγέγραπται.
sophoclesplaysa05campgoog_0088.png	508 1502 2794 1583	Ταῦτα μὲν οὖν πράττει ὁ Αἴας· καταλαμβάνει δὲ Ἀθηνᾶ Ὀδυσσέα ἐπὶ
sophoclesplaysa05campgoog_0088.png	375 1601 2792 1686	τῆς σκηνῆς διοπτεύοντα τί ποτε ἄρα πράττει ὁ Αἴας, καὶ δηλοῖ αὐτῷ τὰ
sophoclesplaysa05campgoog_0088.png	376 1700 2791 1781	πραχθέντα, καὶ προκαλεῖται εἰς τὸ ἐμφανὲς τὸν Αἴαντα ἔτι ἐμμανῆ ὄντα καὶ
sophoclesplaysa05campgoog_0088.png	378 1796 2792 1880	ἐπικομπάζοντα ὡς τῶν ἐχθρῶν ἀνῃρημένων. καὶ ὁ μὲν εἰσέρχεται ὡς ἐπὶ τῷ
sophoclesplaysa05campgoog_0088.png	276 1892 2795 1977	15 μαστιγοῦν τὸν Ὀδυσσέα· παραγίνεται δὲ χορὸς Σαλαμινίων ναυτῶν, εἰδὼς
sophoclesplaysa05campgoog_0088.png	377 1990 2783 2076	μὲν τὸ γεγονός, ὅτι ποίμνια ἐσφάγησαν Ἑλληνικά, ἀγνοῶν δὲ τὸν δράσαντα.
sophoclesplaysa05campgoog_0088.png	380 2090 2793 2171	ἔξεισι δὲ καὶ Τέκμησσα, τοῦ Αἴαντος αἰχμάλωτος παλλακίς, εἰδυῖα μὲν τὸν
sophoclesplaysa05campgoog_0088.png	383 2187 2789 2271	σφαγέα τῶν ποιμνίων ὅτι Αἴας ἐστίν, ἀγνοοῦσα δὲ τίνος εἶεν τὰ ποίμνια.
sophoclesplaysa05campgoog_0088.png	380 2286 2793 2369	ἑκάτερος οὖν παρʼ ἑκατέρου μαθόντες τὸ ἀγνοούμενον, ὁ χορὸς μὲν παρὰ
sophoclesplaysa05campgoog_0088.png	277 2382 2796 2467	20 Τεκμήσσης, ὅτι ὁ Αἴας ταῦτα ἔδρασε, Τέκμησσα δὲ παρὰ τοῦ χοροῦ, ὅτι
sophoclesplaysa05campgoog_0088.png	481 2554 2259 2619	5 διαχειρίσασθαι T, and some other MSS.: διαχρήσασθαι vulg.
sophoclesplaysa05campgoog_0088.png	2565 2558 2794 2607	8 ΜΑΣ-
sophoclesplaysa05campgoog_0088.png	382 2634 2795 2702	ΤΙΓΟΦΟΡΟΣ] ὁ μαστιγοφόρος Brunck’s edition. 10 ἀναγέγραπται] v.l. γέγραπται,
sophoclesplaysa05campgoog_0088.png	380 2717 833 2779	or ἐπιγέγραπται.
sophoclesplaysa05campgoog_0088.png	386 3035 2791 3103	mentioned elsewhere ; but Heyne identifies it with the often-quoted Αἰθίοπες, and,
sophoclesplaysa05campgoog_0088.png	387 3113 2806 3182	as Memnon was king of that people, this seems very probable. The Aethiopis of
sophoclesplaysa05campgoog_0088.png	388 3196 2794 3261	Arctînus would have furnished the material. 3, 4 τῆς κρίσεως μὴ τυχὼν...διέ-
sophoclesplaysa05campgoog_0088.png	383 3277 2796 3346	φθαρται τὴν γνώμην] In the play, the madness of Ajax is not the result of his dis-
sophoclesplaysa05campgoog_0088.png	384 3360 2101 3429	appointment about the arms, but of Athena’s intervention.
sophoclesplaysa05campgoog_0088.png	2414 3359 2797 3410	8 ΜΑΣΤΙΓΟ-
sophoclesplaysa05campgoog_0088.png	384 3439 2800 3510	ΦΟΡΟΣ] At v. 91 Ajax enters carrying the lash (110) which he has used on his
sophoclesplaysa05campgoog_0088.png	388 3521 786 3589	captives (241).
sophoclesplaysa05campgoog_0088.png	1150 3521 2800 3588	ΛΟΚΡΟΥ] The ‘leser’ Ajax, son of Oïleus king of the
sophoclesplaysa05campgoog_0088.png	387 3602 2789 3671	Locrians. The subject of the Αἴας Λοκρός was probably taken from the Iliupersis.
sophoclesplaysa05campgoog_0088.png	385 3683 2799 3754	The hero attempts to drag Cassandra, who carries the ξόανον of Athena, from the
sophoclesplaysa05campgoog_0088.png	387 3765 2796 3837	temple of that goddess. The Greeks threaten to stone him, when he flies to Athena’s
sophoclesplaysa05campgoog_0088.png	386 3847 2796 3918	altar. He is tried by a Greek tribunal, and acquitted (see Welcker, Gr. Trag.
sophoclesplaysa05campgoog_0088.png	390 3935 679 3998	I. 161 f.).
sophoclesplaysa05campgoog_0088.png	1054 3930 2796 3999	Δικαίαρχος] Of Messana, the pupil of Aristotle. He wrote
sophoclesplaysa05campgoog_0088.png	387 4010 2801 4084	περὶ Διονυσιακῶν ἀγώνων, and (perhaps in the same work) ὑποθέσεις τῶν Εὐριπίδου καὶ
sophoclesplaysa05campgoog_0088.png	393 4101 907 4163	Σοφοκλέους μύθων.
sophoclesplaysa05campgoog_0088.png	1171 4089 2809 4165	9 ταῖς Διδασκαλίαις] ’Dramatic performances,’ -a list of
sophoclesplaysa05campgoog_0088.png	387 4173 2803 4249	the tragedies and comedies produced at Athens in each year. Aristotle compiled a
sophoclesplaysa05campgoog_0088.png	388 4255 2801 4329	work with this title, which is probably meant here. Similar lists were drawn up by
sophoclesplaysa05campgoog_0088.png	387 4336 2798 4414	the poet Callimachus (260 B.C.), by Aristophanes of Byzantium (c. 200 B.C.), and
sophoclesplaysa05campgoog_0088.png	387 4424 1729 4490	others. See Smith’s Dict. Ant., vol. II. p. 865.
sophoclesplaysa05campgoog_0014.png	1042 1341 1953 1420	INTRODUCTION.
sophoclesplaysa05campgoog_0014.png	430 1760 2704 1846	§ I. AMONG the plays of Sophocles there were many, as
sophoclesplaysa05campgoog_0014.png	299 1864 2703 1950	titles and fragments show, of which the scene was laid at Troy,
sophoclesplaysa05campgoog_0014.png	302 1968 2701 2054	and of which the action was founded on the epics of the Trojan
sophoclesplaysa05campgoog_0014.png	300 2070 2704 2157	cycle. This series ranged over the whole course of the ten years’
sophoclesplaysa05campgoog_0014.png	303 2175 2708 2260	war, from its earliest incidents, as told in the Cypria, down to the
sophoclesplaysa05campgoog_0014.png	302 2278 2705 2364	fall of the city, as told in the Iliupersis. The Philoctetes is con-
sophoclesplaysa05campgoog_0014.png	304 2382 2705 2468	nected with this series, but the Ajax is the only remaining piece
sophoclesplaysa05campgoog_0014.png	302 2483 2706 2570	which actually belongs to it. The story is taken from sources
sophoclesplaysa05campgoog_0014.png	308 2588 2710 2674	later than the Iliad, but the conception of the hero, though
sophoclesplaysa05campgoog_0014.png	303 2688 2450 2774	modified by that later legend, is fundamentally Homeric.
sophoclesplaysa05campgoog_0014.png	442 2792 3008 2877	In the Iliad, Ajax, the son of Telamon, comes to Troy The Ajax
sophoclesplaysa05campgoog_0014.png	306 2869 2900 2987	from Salamis with twelve ships, and is stationed on the of the Iliad.
sophoclesplaysa05campgoog_0014.png	307 2997 2713 3084	extreme left of the army, at the east end of the camp,-as
sophoclesplaysa05campgoog_0014.png	307 3101 2709 3187	Achilles holds the corresponding post of honour on the right1.
sophoclesplaysa05campgoog_0014.png	311 3204 2711 3289	He is an independent chief,—subject only to the allegiance
sophoclesplaysa05campgoog_0014.png	305 3308 2709 3392	which all the chiefs owe to the Captain General, Agamemnon.
sophoclesplaysa05campgoog_0014.png	311 3410 2713 3491	There is no reference to his descent from Aeacus; nor is there
sophoclesplaysa05campgoog_0014.png	310 3512 2714 3598	anything that connects him especially with Athens2. He has
sophoclesplaysa05campgoog_0014.png	409 3687 802 3755	1 Il. II. 7-9.
sophoclesplaysa05campgoog_0014.png	411 3769 2339 3836	2 In the Catalogue only two verses are given to Ajax, II. 2. 557 f.:-
sophoclesplaysa05campgoog_0014.png	828 3868 2060 3933	Αἴας δʼ ἐκ Σαλαμῖνος ἄγεν δυοκαίδεκα νῆας·
sophoclesplaysa05campgoog_0014.png	828 3948 2200 4016	[στῆσε δʼ ἄγων ἴν’ Ἀθηναίων ἵσταντο φάλαγγες.]
sophoclesplaysa05campgoog_0014.png	310 4051 2715 4114	The second verse is absent from our best MSS., as it was from some of the editions
sophoclesplaysa05campgoog_0014.png	311 4133 2715 4200	known to Quintilian (5. II § 40). Aristotle (Rhet. I. 15 § 13) alludes to it as having
sophoclesplaysa05campgoog_0014.png	311 4215 2714 4282	been quoted by the Athenians in support of their claim to Salamis, and the inter-
sophoclesplaysa05campgoog_0014.png	313 4297 2716 4364	polation must be at least as old as the date of their controversy with the Megarians
sophoclesplaysa05campgoog_0014.png	312 4376 2717 4446	(circ. 600-595 B.C.), whether the author was Solon or not. The Alexandrian critics
sophoclesplaysa05campgoog_0014.png	316 4459 2719 4527	rejected the verse, pointing out that Ajax, on the extreme left, had the Thessalians for
sophoclesplaysa05campgoog_0112.png	356 383 437 446	28
sophoclesplaysa05campgoog_0112.png	1262 378 1873 446	ΣΟΦΟΚΛΕΟΥΣ
sophoclesplaysa05campgoog_0112.png	354 538 2137 646	ΑΘ. ��×τί δῆτα τὸν δύστηνον ἐργάσει κακόν ;
sophoclesplaysa05campgoog_0112.png	355 641 2155 768	ΑΙ. μάστιγι πρῦτων γῦτα φοχιχθες θάνῃ.
sophoclesplaysa05campgoog_0112.png	357 740 2130 848	ΑΘ. μὴ δῆτα τὸν δύστηνον ὧδέ γʼ αἰκίσῃ.
sophoclesplaysa05campgoog_0112.png	357 843 2150 950	Α. χαίρειν, Ἀθάνα, τἄλλ’ ἐγώ σʼ ἐφίεμαι·
sophoclesplaysa05campgoog_0112.png	561 940 2254 1050	κεῖνος δὲ τείσει τήνδε κοὐκ ἄλλην δίκην.
sophoclesplaysa05campgoog_0112.png	357 1041 2324 1151	AΘ. σὺ δʼ οὖν, ἐgt,βὴ τέρύις ἦδε σοι τὸ δρᾶν,
sophoclesplaysa05campgoog_0112.png	949 1127 1110 1170	ν SC
sophoclesplaysa05campgoog_0112.png	557 1144 2173 1252	χρῶ χειρί, Δεῖδου μηδὲν ὧνπερ ἐννοεῖς.
sophoclesplaysa05campgoog_0112.png	358 1247 2318 1371	Al. χυρῶ πρδε ἔργον· τοῦτο σοὶ δʼ ἐφίεμαι,
sophoclesplaysa05campgoog_0112.png	557 1345 2133 1453	τοιάνδʼ ἀεί μοι σύμμαχον παρεστάναι.
sophoclesplaysa05campgoog_0112.png	360 1445 2148 1576	Α6 ἄρες. οδυσσεῦ, τὴν θεόν σχῦν ὅση;
sophoclesplaysa05campgoog_0112.png	557 1548 2362 1653	τούτου τίς ἄν σρι,"Ἀγδρὸςx ἢ προνούστερος,
sophoclesplaysa05campgoog_0112.png	1226 1625 1510 1670	dcp-I4A 0
sophoclesplaysa05campgoog_0112.png	557 1647 2000 1755	ἢ δρᾶν ἀμενων ἡῦδέθῆ τὰ καίρια;
sophoclesplaysa05campgoog_0112.png	1244 1734 1346 1778	Acʼ
sophoclesplaysa05campgoog_0112.png	268 1745 2138 1853	ΟΔ. ἐγὼ μὲν οὐδέʼ οἶδʼ· ἐποικτίρω δέ νιν
sophoclesplaysa05campgoog_0112.png	561 1843 2173 1947	δύστηνον ἔμπας καίπερ ὄντα δυσμενῆ,
sophoclesplaysa05campgoog_0112.png	1013 1940 1102 1985	Xλ
sophoclesplaysa05campgoog_0112.png	2492 666 2769 719	. 110
sophoclesplaysa05campgoog_0112.png	2506 1165 2761 1267	115
sophoclesplaysa05campgoog_0112.png	2627 1672 2767 1722	120
sophoclesplaysa05campgoog_0112.png	2648 2043 2770 2105	130
sophoclesplaysa05campgoog_0112.png	361 2037 2313 2105	190 ἐργάσει Hunck : ἐργάσῃ Mss., meant probably for the fut.
sophoclesplaysa05campgoog_0112.png	358 2101 2762 2171	θάνῃ] Botho and Meineke conj. φανῇ (as Mekler now reads): Dindorf, δαμῇ;
sophoclesplaysa05campgoog_0112.png	359 2167 2765 2237	Madvig, φθάνῃ : O. Henne, βαφῇ. 111 δύστηνον] Wolf conj. δείλαιον, to avoid
sophoclesplaysa05campgoog_0112.png	356 2233 2771 2302	repeating the word used in 109. Cp. cr. n. on 1000. 133 ἐγώ σʼ ἐφίεμαι] ἔγωγε
sophoclesplaysa05campgoog_0112.png	359 2298 2769 2366	σʼ ἐφίεμαι L, with F and some others : whence Schneidewin conj. ἔγωγέ σʼ εθχομαι
sophoclesplaysa05campgoog_0112.png	1586 2363 2764 2429	134 τείσει] τίσαι hs. For the spelling,
sophoclesplaysa05campgoog_0112.png	360 2363 1318 2430	(noting that ἐφέεμαι recurs in 116).
sophoclesplaysa05campgoog_0112.png	359 2425 2763 2496	see comm. on O. 7 810. 114 ἥδε L, A, with most hes., and Ald.; ὥδι r (Pal.,
sophoclesplaysa05campgoog_0112.png	357 2492 2771 2557	T, etc.), and as a v.l. in T and others. 136 ἐννοεῖς] νοεῖς L.—In L the first
sophoclesplaysa05campgoog_0112.png	357 2755 1509 2825	��×cotlevuuave ortite.— δεῖν tp64 etoυa (pro-
sophoclesplaysa05campgoog_0112.png	360 2823 1511 2890	perly, to tate aad bind to a pilar),
sophoclesplaysa05campgoog_0112.png	362 2887 1511 2954	hot πρὸ κίoύu, was thus the usual
sophoclesplaysa05campgoog_0112.png	361 2953 1509 3020	phrase; but Artemidorus (c. 160 Α.D.)
sophoclesplaysa05campgoog_0112.png	369 3019 1514 3086	Oeeirocr. 1. 78 has προσδεθεὶς κίονι ἔλαβε
sophoclesplaysa05campgoog_0112.png	362 3085 1511 3149	πληγὰς πολλάς. Cp. 240.—κίων is masc.
sophoclesplaysa05campgoog_0112.png	363 3150 1513 3201	in Atio. Herodotus usesa it in both
sophoclesplaysa05campgoog_0112.png	360 3213 1513 3280	genders (fem. 1. 94, masc. 4. 184). Wiuh
sophoclesplaysa05campgoog_0112.png	365 3279 1512 3347	Pinder it is always fem.; and usually ao
sophoclesplaysa05campgoog_0112.png	362 3345 1505 3410	in the Catvstey, but not always; in Od. 8.
sophoclesplaysa05campgoog_0112.png	364 3408 1512 3473	66, πρὸς κίονα μακρὸν ἐρείσας, the masc.
sophoclesplaysa05campgoog_0112.png	362 3475 1508 3543	has a metrical motive, but not in 19. 38,
sophoclesplaysa05campgoog_0112.png	364 3541 910 3603	κίονες ὑψόσʼ ἔχοντες.
sophoclesplaysa05campgoog_0112.png	435 3602 1513 3669	199 ἐρψάτα. In v. 107 she con-
sophoclesplaysa05campgoog_0112.png	362 3668 1517 3734	tinued his sentence; here, feigning keener
sophoclesplaysa05campgoog_0112.png	364 3733 1516 3799	alarm, she interrupts it.— Nauck reads
sophoclesplaysa05campgoog_0112.png	364 3798 1516 3864	gd-) (aot.), depending on πρὶν ἄν :
sophoclesplaysa05campgoog_0112.png	365 3863 1516 3930	which not only is weaker, but requires
sophoclesplaysa05campgoog_0112.png	368 3927 1182 3990	δήσας instead of δεθεὶς in 108.
sophoclesplaysa05campgoog_0112.png	436 3989 1519 4060	139 πplν ἄν.-Aoawug ue θάνῃ. After
sophoclesplaysa05campgoog_0112.png	369 4059 1519 4125	θανεῖν γὰρ αὐτὸν οθ τί πω θέλω (106), we
sophoclesplaysa05campgoog_0112.png	368 4124 1518 4192	should have had πρὶν ἄν φοινιχθῇ. But
sophoclesplaysa05campgoog_0112.png	366 4189 1568 4255	the emphasis on μάστιγι πρῶτον νῶτα
sophoclesplaysa05campgoog_0112.png	367 4254 1519 4320	φοανιχθεὶς serves to excuse the presence
sophoclesplaysa05campgoog_0112.png	368 4318 1521 4386	of θάνῃ,—added, for the sake of greater
sophoclesplaysa05campgoog_0112.png	368 4384 1520 4450	clearness, after the long interval. So in
sophoclesplaysa05campgoog_0112.png	379 4450 1519 4515	77. 1130 Hylus aye of Deianeira, τέθνη-
sophoclesplaysa05campgoog_0112.png	1618 2760 2768 2826	κεν, and then in 1133 Heraclea, οἴμοι·
sophoclesplaysa05campgoog_0112.png	1618 2827 2769 2892	πρὶν ὡς χρῆν σφʼ ἐξ ἐμήν θανεῖν χερό8;
sophoclesplaysa05campgoog_0112.png	1617 2890 2772 2955	where the stress on τῆς ἐμῆς similarly
sophoclesplaysa05campgoog_0112.png	1617 2955 2769 3020	paliares the illogical form of the sen-
sophoclesplaysa05campgoog_0112.png	1618 3018 2771 3086	tence.--Aoινugda4: Eur. KHier. 153 φοινισ-
sophoclesplaysa05campgoog_0112.png	1617 3087 2770 3149	σομένην αἵματι. Ar. Ach. 3240 καταξαίνειν
sophoclesplaysa05campgoog_0112.png	1617 3151 2431 3214	τὸν ἔνδρα τοῦτον εἰς φοανικίδα.
sophoclesplaysa05campgoog_0112.png	1688 3214 2769 3282	111 αἰκίσῃ; cp. O. 7. 1153 μὴ δῆτα,
sophoclesplaysa05campgoog_0112.png	1617 3278 2503 3346	πρὸς θεῶν, τὸν γέροντά μʼ αἰκίσῃ
sophoclesplaysa05campgoog_0112.png	1688 3343 2770 3412	113 ga(paν.σʼ ἐφίᾳμαα. It seems
sophoclesplaysa05campgoog_0112.png	1616 3410 2770 3476	best to suppose that the constr. is ἐφίεμαι
sophoclesplaysa05campgoog_0112.png	1618 3476 2769 3542	χαίρειν σὲς, It is my injunction that thou
sophoclesplaysa05campgoog_0112.png	1617 3540 2767 3606	have thy wil in al else.’ Cp. O. 7.
sophoclesplaysa05campgoog_0112.png	1624 3603 2769 3671	1054 f. ὅντινʼ ἀρτίως μολεῖν ἐφλμέμεσθα:
sophoclesplaysa05campgoog_0112.png	1618 3669 2771 3736	where the acc. similarly belongt to the
sophoclesplaysa05campgoog_0112.png	1618 3735 2772 3801	inf. There is no example of ἐφίεμαί τινα
sophoclesplaysa05campgoog_0112.png	1621 3799 2772 3868	(instead of τινι) ποιεῖν τι; though we find
sophoclesplaysa05campgoog_0112.png	1619 3866 2766 3931	in T-. 1421 τοσοῦτον δή σʼ ἐσισκήπτω,
sophoclesplaysa05campgoog_0112.png	1619 3931 2773 3997	like κελεύω τινά τι. Nor does the aenne
sophoclesplaysa05campgoog_0112.png	1619 3995 2771 4062	here require that σε should be the object
sophoclesplaysa05campgoog_0112.png	1622 4060 2771 4138	of ἐφίεμαι.—Remark the objection to
sophoclesplaysa05campgoog_0112.png	1570 4125 2772 4190	rendering ἐφίεμαι here I derire": when
sophoclesplaysa05campgoog_0112.png	1568 4189 2771 4251	" the verb has that sense, with an inf., its
sophoclesplaysa05campgoog_0112.png	1621 4255 2770 4322	subject is the same as that of the inf.:
sophoclesplaysa05campgoog_0112.png	1621 4320 2769 4386	c.g. ail. 1315 ὡν δέ σου τυχεῖν ἐφέεμαι,
sophoclesplaysa05campgoog_0112.png	1620 4384 2769 4451	ἄκουσον. Further, the sente, -enjoin,"
sophoclesplaysa05campgoog_0112.png	1625 4449 2771 4514	"command," better suits the insane θβρις
sophoclesplaysa05campgoog_0336.png	328 388 444 441	244
sophoclesplaysa05campgoog_0336.png	324 526 968 590	εἰμὶ κλύων = κλύω, 1320
sophoclesplaysa05campgoog_0336.png	1331 373 1726 432	INDICES.
sophoclesplaysa05campgoog_0336.png	321 608 1477 666	εἴ ποθι λεύσσων = λεύσσων, εἴ ποθι λεύσσει,
sophoclesplaysa05campgoog_0336.png	389 692 482 754	885
sophoclesplaysa05campgoog_0336.png	323 771 992 838	εἴργω, fut. forms of, 593
sophoclesplaysa05campgoog_0336.png	323 855 893 919	εἴργω and εἵργω, 753
sophoclesplaysa05campgoog_0336.png	323 937 743 1000	εἰς καιρόν, 1168
sophoclesplaysa05campgoog_0336.png	322 1016 1106 1082	εἰς ὄψιν, in respect to it, 876
sophoclesplaysa05campgoog_0336.png	322 1098 1474 1163	εἴ.. τις, assimilated to the case of a partic.
sophoclesplaysa05campgoog_0336.png	388 1180 1119 1245	(εἴπερ τινὸς σθένοντος), 488
sophoclesplaysa05campgoog_0336.png	320 1261 1106 1324	ἐκ, of a condition, 537, 1083
sophoclesplaysa05campgoog_0336.png	321 1342 1279 1405	ἐκεῖ καὶ ἐνθάδε, dead or alive, 1372
sophoclesplaysa05campgoog_0336.png	318 1426 1190 1490	ἐκεῖνο, marking a new topic, 94
sophoclesplaysa05campgoog_0336.png	320 1508 1095 1571	ἐκεῖνον instead of αὐτόν, 755
sophoclesplaysa05campgoog_0336.png	318 1594 901 1655	ἔκκριτος, exsors, 1302
sophoclesplaysa05campgoog_0336.png	319 1670 963 1734	ἐκλύεσθαι, sense of, 531
sophoclesplaysa05campgoog_0336.png	319 1749 890 1815	ἐκνέμεσθαι πόδα, 369
sophoclesplaysa05campgoog_0336.png	318 1831 1014 1899	ἐκπέμπεσθαι (midd.), 612
sophoclesplaysa05campgoog_0336.png	317 1916 934 1979	ἐκπίπτειν χθονός, 1177
sophoclesplaysa05campgoog_0336.png	315 1996 975 2062	ἐκπράσσομαι (midd.), 45
sophoclesplaysa05campgoog_0336.png	316 2079 796 2143	ἐκρήξει μάχη, 775
sophoclesplaysa05campgoog_0336.png	315 2157 1141 2223	ἐκτίνεσθαι ὕβριν, sense of, 304
sophoclesplaysa05campgoog_0336.png	316 2240 1117 2306	ἔκ τινος, = ‘on his part,’ 1241
sophoclesplaysa05campgoog_0336.png	317 2322 917 2383	ἑκτὸν εἶναι (κακῶν), 88
sophoclesplaysa05campgoog_0336.png	314 2404 782 2467	ἐκ τῶνδε, ὡς, 537
sophoclesplaysa05campgoog_0336.png	313 2483 1163 2550	ἐκφέρειν, bring to one’s goal, 7
sophoclesplaysa05campgoog_0336.png	314 2566 927 2631	ἐκ χειρός, senses of, 27
sophoclesplaysa05campgoog_0336.png	314 2652 1022 2713	ἐλαύνειν, vexare, 275, 504
sophoclesplaysa05campgoog_0336.png	308 2731 1046 2795	Ἐλαφηβόλος, Artemis, 178
sophoclesplaysa05campgoog_0336.png	308 2811 1465 2878	Ἑλένης Ἁρπαγή, quoted by auct. Argum., 3
sophoclesplaysa05campgoog_0336.png	312 2974 969 3041	ἕλεσθέ με, sense of, 396
sophoclesplaysa05campgoog_0336.png	312 3059 880 3122	ἑλίσσειν πλάταν, 358
sophoclesplaysa05campgoog_0336.png	311 3141 995 3204	ἐλλείπειν with acc., 1379
sophoclesplaysa05campgoog_0336.png	312 3226 620 3288	ἐλλός, 1297
sophoclesplaysa05campgoog_0336.png	312 3302 1128 3370	ἐλπίζω with pres. inf., 1052 f.
sophoclesplaysa05campgoog_0336.png	311 3383 1061 3450	ἐλπίς, defined by κακή, 606
sophoclesplaysa05campgoog_0336.png	308 3469 569 3532	ἕλωρ, 830
sophoclesplaysa05campgoog_0336.png	308 3549 575 3612	ἔμπα, 563
sophoclesplaysa05campgoog_0336.png	308 3626 1459 3692	ἔμπας, followed by καίπερ and partic., 122
sophoclesplaysa05campgoog_0336.png	306 3794 749 3858	ἔμπληκτος, 1358
sophoclesplaysa05campgoog_0336.png	304 3870 1264 3938	ἐμπολᾶν, to ‘fare’ (well or ill), 978
sophoclesplaysa05campgoog_0336.png	304 3958 904 4020	ἐν, of instrument, 732
sophoclesplaysa05campgoog_0336.png	328 4035 1177 4107	„ separated from its case, 906
sophoclesplaysa05campgoog_0336.png	301 4121 1455 4186	ἐν ὑμῖν χραίνεσθαι φόνῳ, 43 : ἐν ἐμοὶ
sophoclesplaysa05campgoog_0336.png	367 4207 709 4269	θρασύς, 1315
sophoclesplaysa05campgoog_0336.png	302 4283 1141 4350	ἐναγίζειν ) ( θύειν, p. xxxi, n. 3
sophoclesplaysa05campgoog_0336.png	300 4364 969 4430	ἐν γνώμῃ, sense of, 1038
sophoclesplaysa05campgoog_0336.png	303 4445 793 4510	ἐν δικασταῖς, 1136
sophoclesplaysa05campgoog_0336.png	1576 528 2500 590	ἐνήλλαγμαι, middle sense of, 208
sophoclesplaysa05campgoog_0336.png	1576 609 2234 675	ἔνθα = (ἐκεῖσε) ἔνθα, 657
sophoclesplaysa05campgoog_0336.png	1577 693 2315 757	ἔνθα μή with fut. ind., 657
sophoclesplaysa05campgoog_0336.png	1576 774 2197 837	ἐν πλούτῳ σθένειν, 488
sophoclesplaysa05campgoog_0336.png	1576 855 1949 919	ἐνστάτης, 104
sophoclesplaysa05campgoog_0336.png	1573 933 2143 1002	ἔν τινι σῴζεσθαι, 519
sophoclesplaysa05campgoog_0336.png	1570 1015 2167 1084	Ἐνυάλιος, 179, p. 222
sophoclesplaysa05campgoog_0336.png	1574 1101 2742 1168	ἐξαλύξωμαι versus ἐξαλεύσωμαι, 656, p. 230
sophoclesplaysa05campgoog_0336.png	1576 1183 1991 1250	ἐξανύσσειν, 926
sophoclesplaysa05campgoog_0336.png	1576 1265 1993 1329	ἐξεφίεσθαι, 795
sophoclesplaysa05campgoog_0336.png	1575 1346 2351 1412	ἐξηγεῖσθαι, to expound, 320
sophoclesplaysa05campgoog_0336.png	1581 1428 2196 1492	ἐξημημένος ῥίζαν, 1178
sophoclesplaysa05campgoog_0336.png	1576 1509 2457 1571	ἐξίστασθαί τινα, ‘avoid’ one, 82
sophoclesplaysa05campgoog_0336.png	1576 1589 2230 1656	ἔοιγμεν = ἐοίκαμεν, 1239
sophoclesplaysa05campgoog_0336.png	1575 1670 2443 1736	ἐπαινεῖν τι, to assent to it, 1401
sophoclesplaysa05campgoog_0336.png	1573 1752 1898 1818	ἐπαΐω, 1263
sophoclesplaysa05campgoog_0336.png	1572 1832 2288 1901	ἐπ’ ἄκρων ὁδοιπορεῖν, 1230
sophoclesplaysa05campgoog_0336.png	1570 1916 2461 1983	ἐπακτὸς ἀνήρ, a paramour, 1296
sophoclesplaysa05campgoog_0336.png	1573 1996 2039 2062	ἐπʼ ἀριστερά, 183
sophoclesplaysa05campgoog_0336.png	1570 2080 2179 2145	ἐπαρκεῖν πημονάν, 360
sophoclesplaysa05campgoog_0336.png	1571 2157 2269 2226	ἐπᾴσσειν )( ἀπᾴσσειν, 305
sophoclesplaysa05campgoog_0336.png	1569 2244 2185 2311	ἔπαυλα, senses of, 603
sophoclesplaysa05campgoog_0336.png	1570 2324 1993 2390	ἐπεγγελᾶν, 454
sophoclesplaysa05campgoog_0336.png	1568 2404 2683 2470	ἐπεῖναι, of attendant circumstance, 1216
sophoclesplaysa05campgoog_0336.png	1570 2487 2014 2549	ἔπειτ’ ἐπειδή, 61
sophoclesplaysa05campgoog_0336.png	1569 2569 1975 2633	ἐπεντύνειν, 451
sophoclesplaysa05campgoog_0336.png	1572 2647 2191 2715	ἐπ’ ἐξειργασμένοις, 377
sophoclesplaysa05campgoog_0336.png	1568 2732 2382 2800	ἐπέρχομαι, to come after, 438
sophoclesplaysa05campgoog_0336.png	1568 2815 2132 2879	ἐπευθύνειν (v.l.), 451
sophoclesplaysa05campgoog_0336.png	1566 2896 2151 2961	ἐπέχειν with gen., 50
sophoclesplaysa05campgoog_0336.png	1566 2978 2125 3044	ἔπη and λόγοι, 1096
sophoclesplaysa05campgoog_0336.png	1563 3061 2464 3129	ἐπιβαίνειν, absol., ‘embark,’ 358
sophoclesplaysa05campgoog_0336.png	1696 3143 2245 3207	„ with acc., 138
sophoclesplaysa05campgoog_0336.png	1564 3221 2075 3287	ἐπιβρόντητος, 1386
sophoclesplaysa05campgoog_0336.png	1564 3303 2358 3371	ἐπιγιγνώσκω with partic., 18
sophoclesplaysa05campgoog_0336.png	1562 3386 2211 3451	ἐπὶ δυσκλείᾳ, for it, 143
sophoclesplaysa05campgoog_0336.png	1561 3466 2328 3531	ἐπιπάροδος of Chorus, 813 f.
sophoclesplaysa05campgoog_0336.png	1563 3548 2242 3615	ἐπίσκοπος, senses of, 976
sophoclesplaysa05campgoog_0336.png	1560 3629 2233 3692	ἐπὶ σμικρῶν λόγων, 1268
sophoclesplaysa05campgoog_0336.png	1561 3710 2075 3776	ἐπισπᾶν κλέος, 769
sophoclesplaysa05campgoog_0336.png	1562 3792 2340 3858	ἐπιστάτης (ποιμνίων etc.), 27
sophoclesplaysa05campgoog_0336.png	1561 3875 2321 3941	ἐπὶ τίνι; ‘wherefore ?’ 797
sophoclesplaysa05campgoog_0336.png	1560 3958 1975 4020	ἐπίτριπτος, 103
sophoclesplaysa05campgoog_0336.png	1558 4040 2390 4106	ἐπιχαίρω σε εὖ πράσσοντα, 136
sophoclesplaysa05campgoog_0336.png	1558 4120 2127 4184	ἑπτάβοιον σάκος, 576
sophoclesplaysa05campgoog_0336.png	1558 4202 2283 4263	ἐπτάμην and ἐπτόμην, 282
sophoclesplaysa05campgoog_0336.png	1557 4283 2308 4348	ἐπῳδαί, medical use of, 582
sophoclesplaysa05campgoog_0336.png	1555 4367 2374 4431	ἐπώνυμος, usages of, 430, 574
sophoclesplaysa05campgoog_0336.png	1552 4449 2068 4512	ἔργον = opus est, 12
sophoclesplaysa05campgoog_0177.png	1359 399 1554 466	ΛΙΑΣ
sophoclesplaysa05campgoog_0177.png	2514 415 2648 479	91
sophoclesplaysa05campgoog_0177.png	244 558 2671 648	Voa, life is sweetest before the feelings are awake, for lack of
sophoclesplaysa05campgoog_0177.png	245 646 2656 735	feeling is a painles ill.L—until one learns to know joy or pain.
sophoclesplaysa05campgoog_0177.png	247 732 2652 819	But when thou shalt come unto that knowledge, then must thou
sophoclesplaysa05campgoog_0177.png	244 819 2656 909	see to prove among thy fatherʼs foes of what mettle and what
sophoclesplaysa05campgoog_0177.png	242 911 713 976	sire thou art.
sophoclesplaysa05campgoog_0177.png	375 983 2651 1084	Meanwhile feed on ligtht breezes, and nurse thy tender life,
sophoclesplaysa05campgoog_0177.png	242 1079 2653 1168	for this thy motherʼs joy. No fear, I wot, lest any of the Greeks
sophoclesplaysa05campgoog_0177.png	241 1168 2649 1254	assail thee with cruel outrage, even when thou hast me no more.
sophoclesplaysa05campgoog_0177.png	243 1254 2648 1341	So trusty is the warder whom I will leave to gtuard thee, even
sophoclesplaysa05campgoog_0177.png	241 1340 2652 1422	Teucer; who wil not falter in his care for thee, albeit now he
sophoclesplaysa05campgoog_0177.png	242 1428 2050 1515	is following a far path, busied with chase of foes.
sophoclesplaysa05campgoog_0177.png	373 1512 2646 1605	O my warriors, seafaring comrades On you, as on him, I
sophoclesplaysa05campgoog_0177.png	249 1600 2649 1688	lay this task of love ; and give ve my behest to Teucer, that
sophoclesplaysa05campgoog_0177.png	234 1760 2653 1826	divided between δείξεις, δείξης, δείξῃς. The Ald. has δείξζῃ.—ʼτρκάφην] τράφηισ L: the
sophoclesplaysa05campgoog_0177.png	236 1826 2651 1896	η has been re-touched, but does not seem to have been e. 66b χαρμονήν] Morstadt
sophoclesplaysa05campgoog_0177.png	236 1891 2649 1960	conj. χαρμονή, and so Nauck reads. 669 οἶδα is suspected by Reiske, Blaydes,
sophoclesplaysa05campgoog_0177.png	235 1958 2649 2025	and Nauck.-ὐβρίσῃ] ὑβρέσει r, and Brunck. 666 ἔμπα κʼ εἰ L, Α, etc.: ἔμπακʼ
sophoclesplaysa05campgoog_0177.png	237 2022 2649 2090	εἰ r, Ald., Brunck. 664 τηλωπὸ?] In L the first corector (S) has noted, γρ.
sophoclesplaysa05campgoog_0177.png	235 2086 2653 2158	τηλουργόσ (which, as Musgrave saw, should be τηλουρός); and above τηλωπὸσ a later
sophoclesplaysa05campgoog_0177.png	235 2149 2650 2221	hand has written ὠσ τηλουρόν. --θήραν] L has γρ. φρουράν, from S. 666 ἐνάλιος
sophoclesplaysa05campgoog_0177.png	237 2220 1500 2280	A, etc., and Ald.: εἰνάλιοσ L, F, and others.
sophoclesplaysa05campgoog_0177.png	235 2456 2645 2525	πνεύματος ἐπιρροῇ ἀέρα ὑγρὸν ἕλκοντες 663 τῶν : cp. 164, 418, 25I.—cυ-
sophoclesplaysa05campgoog_0177.png	1492 2521 2649 2591	λωρὸν, warder, guardian; Eur. 77o. 956
sophoclesplaysa05campgoog_0177.png	235 2524 1389 2594	ὥσπερ νήπιοι παῖδες. Pliny V W. 18. 34
sophoclesplaysa05campgoog_0177.png	234 2590 1388 2654	gephyreu aicit in plautas uutricitum
sophoclesplaysa05campgoog_0177.png	231 2655 1389 2716	exercere. Lucian His accur. ‖ 1 τοὺς ἀνέ-
sophoclesplaysa05campgoog_0177.png	233 2721 1388 2785	μους φυτουργοῦντας. We might add
sophoclesplaysa05campgoog_0177.png	235 2783 1393 2853	Catull. 62. 39 ut for.. ‖ Ceu mutcenut
sophoclesplaysa05campgoog_0177.png	232 2849 1390 2915	arurae, irunt sol, educat tmber.— v aν
sophoclesplaysa05campgoog_0177.png	233 2911 1391 2984	Φυχqν ἀτάλλων. Cp. +. 144 τὸ γὰρ
sophoclesplaysa05campgoog_0177.png	233 2979 1387 3044	νεάζον ἐν τοιοῖσδε βόσκεται χώροισιν αὐ-
sophoclesplaysa05campgoog_0177.png	233 3045 1389 3110	τοῦ etc. (n.). The word ἀτάλλω (which
sophoclesplaysa05campgoog_0177.png	234 3109 1390 3188	in I. 13. 27 meae 4o gambol) bears
sophoclesplaysa05campgoog_0177.png	233 3173 1383 3241	the sense of cherishingʼ in Hom. egigr.
sophoclesplaysa05campgoog_0177.png	234 3242 1389 3304	4. 2 νήπιον αἰδοίης ἐπὶ χούνασι μητρὸ8
sophoclesplaysa05campgoog_0177.png	233 3306 1387 3371	ἀτάλλων, and Pind. fr. 214 γλυκεῖά οἱ
sophoclesplaysa05campgoog_0177.png	234 3370 1388 3433	καρδίαν ἀτάλλοισα.. ἐλπίς. The Homeric
sophoclesplaysa05campgoog_0177.png	231 3434 1387 3501	form in this sense is ἀτιτάλλω, Od. 18.
sophoclesplaysa05campgoog_0177.png	235 3501 936 3566	323 παῖδα δὲ ὧς ἀτίταλλε.
sophoclesplaysa05campgoog_0177.png	299 3563 1385 3632	The word ἀτάλλω may have been stg-
sophoclesplaysa05campgoog_0177.png	231 3629 1386 3695	gested to Sophocles by a trait in the
sophoclesplaysa05campgoog_0177.png	232 3694 1384 3763	scene between Hector and Andromache:
sophoclesplaysa05campgoog_0177.png	231 3758 1384 3823	II. 6. 400 παῖδʼ ἐπὶ κόλπῳ ἔχουσʼ ἀταλά-
sophoclesplaysa05campgoog_0177.png	227 3826 824 3884	φ ρ ο νᾷ, ὑήπιον αὕτως.
sophoclesplaysa05campgoog_0177.png	294 3886 1382 3958	Xαρμονόν might be acc. in apos. with
sophoclesplaysa05campgoog_0177.png	232 3954 1383 4021	φυχὴν only; but is beter taken as acc.
sophoclesplaysa05campgoog_0177.png	230 4020 1386 4086	in apos. with the whole sentence (see
sophoclesplaysa05campgoog_0177.png	229 4085 1383 4151	on Gf. 130 ἥκετ’ ἐμῶν καμάτων παρα·
sophoclesplaysa05campgoog_0177.png	228 4148 1385 4218	μύθιον).—The conjecture βaρμowd is no
sophoclesplaysa05campgoog_0177.png	229 4214 363 4278	gain.
sophoclesplaysa05campgoog_0177.png	1496 2588 2263 2655	(πύργων), J. 7. 1227 (ναῶν).
sophoclesplaysa05campgoog_0177.png	1507 2652 2647 2720	606 τρωφῆᾳ ἔοωκνων ; any adj. com-
sophoclesplaysa05campgoog_0177.png	1494 2717 2648 2784	pounded with α privativum can take a
sophoclesplaysa05campgoog_0177.png	1491 2784 2646 2849	genitive; and here the gen. is the more
sophoclesplaysa05campgoog_0177.png	1494 2846 2654 2914	natural since ἔοκνος suggests the notion of
sophoclesplaysa05campgoog_0177.png	1493 2913 2645 2979	ἀφειδής.-—Gwca : this form occurs in Pind.
sophoclesplaysa05campgoog_0177.png	1492 2979 2648 3044	W. 4. 36, and Celim. Spigr. 13 (καί σφιν
sophoclesplaysa05campgoog_0177.png	1493 3043 2644 3108	ἀνιηρὸν μὲν ἐρεῖς ἔπος, ἔμπα δὲ λέξον). Α
sophoclesplaysa05campgoog_0177.png	1493 3107 2637 3174	Doric form ἔμπάέν is used by Pind. O. 5.
sophoclesplaysa05campgoog_0177.png	1493 3174 2651 3239	51. In 144 and 1338, as in Amr. 845, we
sophoclesplaysa05campgoog_0177.png	1492 3236 2645 3302	have ἔμπαr. (The form ἔμπακʼ, once read
sophoclesplaysa05campgoog_0177.png	1489 3298 2646 3364	here, was a mere blunder: see cr. n.)—
sophoclesplaysa05campgoog_0177.png	1492 3365 2644 3434	cd stands here (as in 692 and 962) where
sophoclesplaysa05campgoog_0177.png	1491 3431 2647 3492	εἰ καί would be normal, since the reference
sophoclesplaysa05campgoog_0177.png	1489 3497 2640 3563	is to an actual fact: cp. O. 77 appendix
sophoclesplaysa05campgoog_0177.png	1488 3579 1979 3630	on v. 305, b. 244.
sophoclesplaysa05campgoog_0177.png	1555 3626 2649 3694	696 ἐηλωνσὸᾳ, properly -of distant
sophoclesplaysa05campgoog_0177.png	1487 3692 2648 3770	aspect (ώφ, here merely distant,ʼ as in
sophoclesplaysa05campgoog_0177.png	1491 3758 2643 3824	Α. 416 βοᾷ τηλωπὸν ἰωάν.— xvd: cp.
sophoclesplaysa05campgoog_0177.png	1488 3822 2644 3891	fI. 165 n.— άραν χων : for the peri-
sophoclesplaysa05campgoog_0177.png	1487 3886 2646 3956	phrasis, cp. 546: PΗ. 830 θήραν ‖ τήνδʼ
sophoclesplaysa05campgoog_0177.png	1488 3952 2644 4019	ἁλίως ἔχομεν. He had gone on a foray
sophoclesplaysa05campgoog_0177.png	1488 4015 2570 4085	(343) n the highlands of Mysia (720).
sophoclesplaysa05campgoog_0177.png	1555 4082 2641 4149	6406 t. ἀrπιστῆρaς. The Salaminiam
sophoclesplaysa05campgoog_0177.png	1488 4146 2641 4214	followers of Aiax are at once seamen and
sophoclesplaysa05campgoog_0177.png	1487 4210 2643 4278	warriors; as Thuc. (I. 10 § 4) says of the
sophoclesplaysa05campgoog_0177.png	296 4280 1385 4346	609 I1 is strange that exception
sophoclesplaysa05campgoog_0177.png	1488 4278 2641 4343	Greeks who went against Trοy,αὐτερέται..
sophoclesplaysa05campgoog_0177.png	227 4341 2645 4542	srxezxc4 567ff. ὅπως..δείξει is the object-
sophoclesplaysa05campgoog_0050.png	441 388 2720 452	TE HIPREc4ToW OW THE CfESEK Atfv. xxix
sophoclesplaysa05campgoog_0050.png	434 544 2958 631	§ 13. In the final soliloquy of Aiax, his change of mood is fie im-
sophoclesplaysa05campgoog_0050.png	2709 619 2998 683	precation
sophoclesplaysa05campgoog_0050.png	309 649 2987 750	obscured by another sentiment which moderns might think LΣ7,ΖΣ,
sophoclesplaysa05campgoog_0050.png	312 749 2954 831	inconsistent with it.—viz., his fierce vindictiveness towards those Greeks.
sophoclesplaysa05campgoog_0050.png	307 858 2719 943	who had given the award of the arms against him (vv. 835 L) -
sophoclesplaysa05campgoog_0050.png	428 984 2718 1064	And I call for help to the maidens who live for ever, and ever
sophoclesplaysa05campgoog_0050.png	305 1082 2714 1162	look on all the woes of men, the dread, far-striding Furies ; let them
sophoclesplaysa05campgoog_0050.png	303 1180 2712 1261	mark how my miserable life is blasted by the Atreidae. And may
sophoclesplaysa05campgoog_0050.png	302 1276 2714 1356	they overtake those evil men with doom most evil and with utter
sophoclesplaysa05campgoog_0050.png	301 1375 2713 1455	blight .Come, ve swift and vengeful Furies, glut your wrath on all the
sophoclesplaysa05campgoog_0050.png	302 1471 979 1550	host, and spare not
sophoclesplaysa05campgoog_0050.png	432 1620 2714 1697	To the ancients, however, such uterances would have
sophoclesplaysa05campgoog_0050.png	302 1721 2709 1808	seemed perfectly compatible with the altered mood of Aiax.
sophoclesplaysa05campgoog_0050.png	308 1823 2714 1910	He has come to see that he erred in his over-weening self-
sophoclesplaysa05campgoog_0050.png	303 1928 2712 2013	reliance; he "yields to the godsʼ and acknowledges that the
sophoclesplaysa05campgoog_0050.png	301 2030 2708 2114	ofice of human rulers claims respect : but he also feels im-
sophoclesplaysa05campgoog_0050.png	302 2135 2710 2221	placable resentment for a wrong. "Benefit thy friends and hurt
sophoclesplaysa05campgoog_0050.png	302 2239 2709 2327	thy foes,ʼ was the received Greek maxim. Now and again a
sophoclesplaysa05campgoog_0050.png	300 2342 2711 2427	higher ethical teaching declares that the just man wil not
sophoclesplaysa05campgoog_0050.png	302 2445 2710 2533	knowingly injure any one. But a man might be morally good,
sophoclesplaysa05campgoog_0050.png	304 2547 2709 2635	in the ordinary Greek view, and also pious (εὐσεβής), without
sophoclesplaysa05campgoog_0050.png	300 2652 2709 2742	accepting that doctrine : Solon, who was esteemed both, prays
sophoclesplaysa05campgoog_0050.png	302 2756 2707 2839	that he may be sweet to his friends and bitter to his foes1":
sophoclesplaysa05campgoog_0050.png	308 2859 2709 2945	Pinder, a pre-eminently religious poet, who speaks as with the
sophoclesplaysa05campgoog_0050.png	302 2964 2707 3051	voice of Delphi, expresses a like sentiment. A striking parallel
sophoclesplaysa05campgoog_0050.png	302 3067 2707 3154	to the case of Aiax here is presented by that of Oedipus at
sophoclesplaysa05campgoog_0050.png	306 3168 2717 3255	Colonus. Oedipus has found rest and peace at the shrine of
sophoclesplaysa05campgoog_0050.png	303 3272 2706 3358	the Eumenides; he has been reconciled with the gods; he is
sophoclesplaysa05campgoog_0050.png	302 3376 2706 3464	already invested with a kind of sanctity; he is on his way-
sophoclesplaysa05campgoog_0050.png	304 3478 2703 3561	like Aiax—to consecration as a hero : and it is in these circum-
sophoclesplaysa05campgoog_0050.png	303 3584 2703 3670	stances that he utters the appalling imprecations on his sons.
sophoclesplaysa05campgoog_0050.png	306 3686 2702 3776	Stit, in one respect the vindictiveness of Ajax must appeal
sophoclesplaysa05campgoog_0050.png	300 3792 2703 3877	monstrous; he invokes destruction, not only on the chiefs, but
sophoclesplaysa05campgoog_0050.png	403 4024 2704 4094	1 F. v. lat. lep. 1. P. 335 b οὐκ ἄρα τοῦ δικαίου βλάπτειν ἔργον..οθτε φίλον οὔτʼ
sophoclesplaysa05campgoog_0050.png	305 4107 2703 4175	ἄλλον οὐδένα ; in opposition to the common maxim (rb. Α), δίκαιον εἶναι τὸν μὲν φίλον
sophoclesplaysa05campgoog_0050.png	302 4189 1116 4251	εὖ ποιεῖν, τὸν δὲ ἐχθρὸν κακῶς.
sophoclesplaysa05campgoog_0050.png	400 4269 2278 4341	2 Frag. 13. 5 (Bergk), εἶναι δὲ γλυκὺν ὧδε φίλοις, ἐχθροῖσι δὲ πικρόν.
sophoclesplaysa05campgoog_0050.png	399 4352 2699 4422	3 yth. 4. 83 φίλον εἷη φιλεῖν· ‖ ποτὶ δʼ ἐχθρὸν ἔτʼ ἐχθρὸς ἐὼν λύκοιο δίκαν
sophoclesplaysa05campgoog_0050.png	303 4435 642 4493	ὑποθεύσομαι.
sophoclesplaysa05campgoog_0072.png	904 366 1890 427	HIETRICAL AN4KPSIS
sophoclesplaysa05campgoog_0022.png	432 552 2704 641	There is another point, however, in which it seems probable
sophoclesplaysa05campgoog_0012.png	312 1109 923 1169	INTRODCCTIOΝ .
sophoclesplaysa05campgoog_0012.png	1211 829 1804 896	cONTENTS.
sophoclesplaysa05campgoog_0012.png	2367 1112 2715 1192	. page ix
sophoclesplaysa05campgoog_0012.png	586 1225 2512 1306	5 1. The Alaz of he Iliad. § 2. Cyclic epice. The
sophoclesplaysa05campgoog_0012.png	466 1322 2512 1403	Aethiopir. § 3. The Litk Iliad § 4. Aiax and the
sophoclesplaysa05campgoog_0012.png	465 1416 2512 1500	Aeacidae. Legend that Aiax was invulneable. § 5. The
sophoclesplaysa05campgoog_0012.png	466 1515 2509 1601	Aiax-trilogy of Aeschylus. () Ὁσίων κρίσις. § 6. (i)
sophoclesplaysa05campgoog_0012.png	466 1614 1546 1695	Θρῆσαι. § 7. (i) βαλαμίνιαι.
sophoclesplaysa05campgoog_0012.png	584 1728 2511 1809	§ 8. The ATae of Sophocles. Analysis. § 9. Pramatic
sophoclesplaysa05campgoog_0012.png	467 1824 2505 1908	unity of the play. § 10. The veto on the burial. 5 11.
sophoclesplaysa05campgoog_0012.png	465 1923 2520 2004	The issue thus raised. § 12. The successive moods of
sophoclesplaysa05campgoog_0012.png	464 2022 2511 2103	AGax. His speech in verses 646--692. § 13. His impre-
sophoclesplaysa05campgoog_0012.png	463 2119 2503 2201	cation upon the Greeks. § 14. The divine judgment.
sophoclesplaysa05campgoog_0012.png	461 2217 2507 2298	Athena. § 15. Odysseus. § 16. Teucer. His scenes
sophoclesplaysa05campgoog_0012.png	460 2314 2508 2394	with the Atreidae. Modern criticism on this part of the
sophoclesplaysa05campgoog_0012.png	462 2414 1817 2492	play. § 17. Tecmesa. The Chorus.
sophoclesplaysa05campgoog_0012.png	581 2528 2502 2608	5 18. The TTucer of Sophocles. His SFurysaeg. § 19.
sophoclesplaysa05campgoog_0012.png	460 2625 2504 2708	The story of Aiax in later literature. § 20. Ilustrations
sophoclesplaysa05campgoog_0012.png	460 2725 1062 2788	from ancient Art.
sophoclesplaysa05campgoog_0012.png	577 2839 2504 2918	5 21. Evidence for the date of the play. § 22. The
sophoclesplaysa05campgoog_0012.png	460 2938 602 3000	title.
sophoclesplaysa05campgoog_0012.png	302 3089 1406 3162	MAguscatrrs, Eprruoss, erc. .
sophoclesplaysa05campgoog_0012.png	2486 3085 2704 3144	.ly
sophoclesplaysa05campgoog_0012.png	576 3200 2501 3281	5 1, 2. hes. § 3. Scholia. § 4. The state of the
sophoclesplaysa05campgoog_0012.png	459 3296 2497 3380	text. Lacunae. Proposed transpositions. Interpolations.
sophoclesplaysa05campgoog_0012.png	457 3399 961 3479	5 5. Editions.
sophoclesplaysa05campgoog_0012.png	302 3549 1043 3608	MsraIcA. ANAIysls .
sophoclesplaysa05campgoog_0012.png	2484 3546 2703 3603	. lx
sophoclesplaysa05campgoog_0012.png	295 3693 2493 3767	ANcIRST AaqwMEgr? To TIE PLAy: DaAMATIs PsasoxAs :
sophoclesplaysa05campgoog_0012.png	458 3795 1032 3856	STaVcrUaE
sophoclesplaysa05campgoog_0012.png	296 3947 478 4004	Texτ
sophoclesplaysa05campgoog_0012.png	296 4090 670 4146	APPRNDIX.
sophoclesplaysa05campgoog_0012.png	300 4239 667 4298	INpIcEs
sophoclesplaysa05campgoog_0012.png	2479 3808 2692 3865	3
sophoclesplaysa05campgoog_0012.png	2479 4100 2693 4157	. 213
sophoclesplaysa05campgoog_0012.png	2474 4254 2685 4308	. 24I
sophoclesplaysa05campgoog_0094.png	384 369 463 418	10
sophoclesplaysa05campgoog_0094.png	1284 354 1896 423	ΣΟΦΟΚΛΕΟΥΣ
sophoclesplaysa05campgoog_0094.png	1411 618 1761 683	ΑΘΗΝΑ.
sophoclesplaysa05campgoog_0094.png	578 775 2162 901	ἈΕΙ μέν, ὦ παῖ Λαρτίου, δέδορκά σε
sophoclesplaysa05campgoog_0094.png	577 876 2227 1002	πεῖράν τινʼ ἐχθρῶν ἁρπάσαι θηρώμενον·
sophoclesplaysa05campgoog_0094.png	582 980 2175 1083	καὶ νῦν ἐπὶ σκηναῖς σε ναυτικαῖς ὁρῶ
sophoclesplaysa05campgoog_0094.png	580 1075 1985 1205	Αἴαντος, ἔνθα τάξιν ἐσχάτην ἔχει,
sophoclesplaysa05campgoog_0094.png	582 1181 2097 1305	πάλαι κυνηγετοῦντα καὶ μετρούμενον
sophoclesplaysa05campgoog_0094.png	583 1277 2272 1406	ἴχνη τὰ κείνου νεοχάραχθ’, ὅπως ἴδῃς
sophoclesplaysa05campgoog_0094.png	581 1377 2379 1488	εἴτʼ ἔνδον εἴτʼ οὐκ ἔνδον. εὖ δέ σʼ ἐκφέρει
sophoclesplaysa05campgoog_0094.png	479 1553 2795 1623	L=cod. Laur. 32. 9 (first half of eleventh century). r= one or more of the later
sophoclesplaysa05campgoog_0094.png	384 1618 2795 1687	MSS. This symbol is used where a more particular statement is unnecessary. ‘MSS.,’
sophoclesplaysa05campgoog_0094.png	379 1683 2267 1750	after a reading, means that it is in all the MSS. known to the editor.
sophoclesplaysa05campgoog_0094.png	446 1880 2789 1948	Scene :—Before the tent of Ajax, at the 1 ἀεὶ μέν, followed in 3 by καὶ νῦν:
sophoclesplaysa05campgoog_0094.png	1638 1947 2793 2016	cp. .Tr. 689-691 ἔχρισα μὲν...κάθηκα
sophoclesplaysa05campgoog_0094.png	380 1947 1535 2015	eastern end of the Greek camp, near Cape
sophoclesplaysa05campgoog_0094.png	380 2013 1535 2078	Rhoeteum on the northern coast of the
sophoclesplaysa05campgoog_0094.png	393 2078 1540 2143	Troad. ODYSSEUS is closely examining
sophoclesplaysa05campgoog_0094.png	369 2143 1535 2213	footprints on the sandy ground. ATHENA
sophoclesplaysa05campgoog_0094.png	383 2209 1382 2270	is seen in the air (on the θεολογεῖον).
sophoclesplaysa05campgoog_0094.png	447 2273 1537 2341	According to the rule of the Greek
sophoclesplaysa05campgoog_0094.png	381 2338 1535 2403	theatre, the side of the scene on the spec-
sophoclesplaysa05campgoog_0094.png	383 2403 1538 2472	tator’s right represents the home-region,-
sophoclesplaysa05campgoog_0094.png	382 2467 1537 2535	in this case, that of the Greek camp. To
sophoclesplaysa05campgoog_0094.png	384 2533 1538 2600	the spectator’s left is the region of the
sophoclesplaysa05campgoog_0094.png	383 2598 1537 2666	open country, stretching east and south
sophoclesplaysa05campgoog_0094.png	383 2663 1537 2740	from the camp, over the plain of Troy,
sophoclesplaysa05campgoog_0094.png	384 2728 1538 2794	towards those ‘Mysian highlands’ from
sophoclesplaysa05campgoog_0094.png	386 2793 1539 2860	which Teucer returns (v. 720). Aristotle
sophoclesplaysa05campgoog_0094.png	385 2859 1538 2938	speaks of σκηογραφία as an invention dis-
sophoclesplaysa05campgoog_0094.png	387 2923 1541 2989	tinctive of Sophocles (Poet. 4: see Smith’s
sophoclesplaysa05campgoog_0094.png	387 2988 1538 3056	Dict. of Ant., new ed., vol. II. p. 816).
sophoclesplaysa05campgoog_0094.png	388 3055 1539 3118	And the words in v. 4, ἔνθα τάξιν ἐσχάτην
sophoclesplaysa05campgoog_0094.png	387 3119 1540 3196	ἔχει, rather suggest that the Greek camp
sophoclesplaysa05campgoog_0094.png	386 3183 1542 3252	was somehow indicated here,—perhaps
sophoclesplaysa05campgoog_0094.png	387 3249 1550 3318	with a glimpse of the Hellespont, and of
sophoclesplaysa05campgoog_0094.png	389 3313 1543 3382	Cape Rhoeteum. It is not known whether
sophoclesplaysa05campgoog_0094.png	388 3379 1542 3446	the theatre of the fifth century B.C. had
sophoclesplaysa05campgoog_0094.png	389 3445 1541 3512	περίακτοι,—those triangular prisms on
sophoclesplaysa05campgoog_0094.png	388 3508 1551 3576	pivots, with scenery painted on each of
sophoclesplaysa05campgoog_0094.png	389 3574 1543 3640	their three faces, which served as movable
sophoclesplaysa05campgoog_0094.png	388 3638 1542 3706	side-scenes. A periaktos on the specta-
sophoclesplaysa05campgoog_0094.png	390 3703 1543 3770	tor’s right could have been used to show
sophoclesplaysa05campgoog_0094.png	389 3768 1543 3834	the camp. Or, if this resource was not
sophoclesplaysa05campgoog_0094.png	389 3832 1544 3899	then available, the purpose may have
sophoclesplaysa05campgoog_0094.png	390 3897 1545 3964	been effected by painted hangings on the
sophoclesplaysa05campgoog_0094.png	390 3963 1540 4027	back-wall, which, in the fifth century B.C.,
sophoclesplaysa05campgoog_0094.png	389 4028 1551 4096	was probably a temporary structure of
sophoclesplaysa05campgoog_0094.png	390 4092 1550 4159	wood. With regard to the change of
sophoclesplaysa05campgoog_0094.png	391 4161 1363 4224	scene after v. 814, see note on 815.
sophoclesplaysa05campgoog_0094.png	462 4223 1544 4287	1-188 Prologue. Athena confirms
sophoclesplaysa05campgoog_0094.png	393 4287 1551 4354	the surmise of Odysseus as to the guilt of
sophoclesplaysa05campgoog_0094.png	393 4353 1544 4421	Ajax ; shows her favourite his afflicted
sophoclesplaysa05campgoog_0094.png	391 4418 1127 4486	foe; and points the moral.
sophoclesplaysa05campgoog_0094.png	1636 2012 2792 2079	(n.): Lucian Dialog. marin. 8 πάλαι μὲν
sophoclesplaysa05campgoog_0094.png	1636 2078 2794 2140	τὸ τῆς Ἰνοῦς παιδίον ἐπὶ τὸν Ἰσθμὸν ἐκομί-
sophoclesplaysa05campgoog_0094.png	1639 2145 2792 2208	σατε..., καὶ νῦν σὺ τὸν κιθαρκῳδὸν...ἀνα-
sophoclesplaysa05campgoog_0094.png	1639 2209 2793 2274	λαβὼν ἐξενήξω. The passage in Aesch.
sophoclesplaysa05campgoog_0094.png	1638 2272 2794 2341	Ag. 587-598 (ἀνωλόλυξα μὲν πάλαι...καὶ
sophoclesplaysa05campgoog_0094.png	1639 2338 2795 2402	νῦν τὰ μάσσω μὲν τί δεῖ σʼ ἐμοὶ λέγειν;) is
sophoclesplaysa05campgoog_0094.png	1640 2403 2795 2468	scarcely a true parallel,—the interval
sophoclesplaysa05campgoog_0094.png	1640 2469 2793 2536	being so long. Plato has ἀεὶ μὲν followed
sophoclesplaysa05campgoog_0094.png	1642 2533 2796 2605	by ἀτὰρ καὶ νῦν (Prot. 335 D), ἀτὰρ οὖν
sophoclesplaysa05campgoog_0094.png	1641 2597 2794 2664	καὶ τότε (Rep. 367 E). Similarly Il. I.
sophoclesplaysa05campgoog_0094.png	1649 2663 2304 2730	107 ff. αἰεί τοι...καὶ νῦν.
sophoclesplaysa05campgoog_0094.png	1706 2727 2796 2797	Λαρτίου, as in 380: but Λαερτίου in
sophoclesplaysa05campgoog_0094.png	1649 2794 2796 2860	101, and Λαέρτου in 1393. Λαέρτης is
sophoclesplaysa05campgoog_0094.png	1647 2858 2794 2924	the only Homeric form (Ph. 87 n.), but
sophoclesplaysa05campgoog_0094.png	1644 2924 2794 2990	Eur., like Soph., uses all three. In
sophoclesplaysa05campgoog_0094.png	1646 2988 2794 3045	Latin, Laertius or Lartius is usu. the
sophoclesplaysa05campgoog_0094.png	1644 3054 2795 3120	adj. (Plaut. Bacch. 4. 9. 22 Ulixes
sophoclesplaysa05campgoog_0094.png	1643 3119 2793 3184	Lartius), but, acc. to Priscian (7. 5, p.
sophoclesplaysa05campgoog_0094.png	1647 3182 2793 3253	303), could be also the name. The
sophoclesplaysa05campgoog_0094.png	1645 3248 2794 3316	writing Λἀρτίου appears in all the editions
sophoclesplaysa05campgoog_0094.png	1643 3313 2793 3370	from the Aldine to Brunck’s; the coronis
sophoclesplaysa05campgoog_0094.png	1644 3378 2792 3444	was first omitted by Schaefer (ed. 1810),
sophoclesplaysa05campgoog_0094.png	1644 3442 2793 3510	on the ground that crasis is not marked
sophoclesplaysa05campgoog_0094.png	1643 3509 2052 3573	within a word.
sophoclesplaysa05campgoog_0094.png	1712 3569 2795 3639	2 πεῖράν τινʼ ἐχθρῶν ἁρπάσαι, to
sophoclesplaysa05campgoog_0094.png	1643 3637 2796 3704	snatch (by vigilant and subtle craft) some
sophoclesplaysa05campgoog_0094.png	1646 3703 2795 3768	means of attacking foes,—some moment
sophoclesplaysa05campgoog_0094.png	1645 3768 2795 3834	when foes can be taken at a disadvantage.
sophoclesplaysa05campgoog_0094.png	1647 3831 2789 3899	For the objective gen. ἐχθρῶν, cp. Diod.
sophoclesplaysa05campgoog_0094.png	1648 3898 2798 3961	Sic. 14. 80 καιρὸν εὔθετον εἰς τὴν τῶν
sophoclesplaysa05campgoog_0094.png	1645 3961 2794 4028	πολεμίων ἐπίθεσιν : for ἁρπάσαι, Plut.
sophoclesplaysa05campgoog_0094.png	1644 4029 2795 4092	Philop. 15 ἁρπάσας τὸν καιρόν : Xen. An.
sophoclesplaysa05campgoog_0094.png	1644 4091 2798 4157	4. 6. II τοῦ ἐρήμου ὄρους .. κλέψαι τι.. καὶ
sophoclesplaysa05campgoog_0094.png	1644 4157 2795 4221	ἁρπάσαι φθάσαντας. Like the verb (πει-
sophoclesplaysa05campgoog_0094.png	1644 4222 2795 4287	ρᾶν τῆς πόλεως, Her. 6. 82), πεῖρα often
sophoclesplaysa05campgoog_0094.png	1644 4288 2797 4355	denotes an enterprise against an enemy
sophoclesplaysa05campgoog_0094.png	1647 4351 2798 4416	(Thuc. 3. 20, etc.).—Not, ‘to forestall
sophoclesplaysa05campgoog_0094.png	1646 4415 2799 4484	(or baffle) some attempt by a foe.’ θηρώ-
sophoclesplaysa05campgoog_0146.png	365 349 449 414	62
sophoclesplaysa05campgoog_0146.png	1265 349 1882 418	ΣOΦΟΚΛEOΥΣ
sophoclesplaysa05campgoog_0146.png	368 510 2054 641	xo. γὴ ῥροεν Φικε- ἐφλʼ φοέγετε
sophoclesplaysa05campgoog_0146.png	565 612 2321 740	cχʼ ? τʼ ἅδε έτ ἠμοὶ βλέψαε λάβρι.
sophoclesplaysa05campgoog_0146.png	380 711 2252 821	ΓΕ. ἰδοὺ, διοίγω· προσβλέπειν δʼ ἑξεστί σοι
sophoclesplaysa05campgoog_0146.png	564 812 2199 916	τὰ τοῦδε πράγη, καὐτὸς ὡς ἔχων κυρεῖ.
sophoclesplaysa05campgoog_0146.png	106 963 639 1045	στρ. α. A. ἰὼ
sophoclesplaysa05campgoog_0146.png	495 1063 1993 1171	2 φίλοι ναυβάται, μόνοι ἐμῶν φίλων
sophoclesplaysa05campgoog_0146.png	495 1165 2021 1290	4μόνοι ʼ μένοντες ρθοῶ όμῳ.
sophoclesplaysa05campgoog_0146.png	491 1262 2400 1371	4 ἱδεσθέ μʼ οἷον ἄρτι κῦμα φοινίας ὑπὸ ζάλης
sophoclesplaysa05campgoog_0146.png	491 1363 1454 1466	5 ἀμφίδρομον κυκλεῖται.
sophoclesplaysa05campgoog_0146.png	358 1514 2058 1624	ΧΟ. οἴμʼ ὡς ἔοικας ὀρθὰ μαρτυρεῖν ἄγαν.
sophoclesplaysa05campgoog_0146.png	559 1614 2169 1719	δηλοῖ δὲ τοῦργον ὡς ἀφροντίστως ἔχει.
sophoclesplaysa05campgoog_0146.png	106 1766 644 1872	ἀντ- αἵ. A. ἰὼ
sophoclesplaysa05campgoog_0146.png	487 1867 1661 1970	2 γένος ναίας ἀρωγὸν τέχνας,
sophoclesplaysa05campgoog_0146.png	2637 638 2777 711	345
sophoclesplaysa05campgoog_0146.png	2633 1190 2776 1263	350
sophoclesplaysa05campgoog_0146.png	2623 1643 2761 1716	355
sophoclesplaysa05campgoog_0146.png	353 2044 2754 2112	44d L has the ν of ἔοικεν from a later hand.-—ἀνοέγετε] Wecklein writes ἄνοιγε δή.
sophoclesplaysa05campgoog_0146.png	354 2109 2757 2180	446 κἀπʼ] made in L from χάπʼ: this is explained by the false reading χύπʼ ἐμοῦ
sophoclesplaysa05campgoog_0146.png	1976 2178 2758 2239	446 . ἰὐ.. φίλων is one
sophoclesplaysa05campgoog_0146.png	355 2175 1531 2240	in Pal.— Blaydes conj. κἀς ἐμὲ βλέψας.
sophoclesplaysa05campgoog_0146.png	349 2401 1491 2473	Aiax, whose mother was Eriboea (A69).
sophoclesplaysa05campgoog_0146.png	347 2468 1495 2536	—?ὸν drad .. Xp6νor : the phrase τὸν
sophoclesplaysa05campgoog_0146.png	348 2535 1494 2602	ἀεὶ χρόνον is frequent. The separation
sophoclesplaysa05campgoog_0146.png	344 2600 1495 2663	of τὸν εἰσαεὶfrom χρόνον deserves notice, as
sophoclesplaysa05campgoog_0146.png	344 2665 1496 2736	suggesting the possibility hat τὸν ἀαἰ may
sophoclesplaysa05campgoog_0146.png	345 2730 1492 2797	sometimes have been used (without χρό-
sophoclesplaysa05campgoog_0146.png	342 2795 1491 2862	νον) as = for ever ʼ: a usage which, how-
sophoclesplaysa05campgoog_0146.png	342 2861 1493 2928	ever, lacks proof: see on Hl. 1075.—
sophoclesplaysa05campgoog_0146.png	338 2925 1491 2993	λαηλατήσει; he had gone to the uplands
sophoclesplaysa05campgoog_0146.png	339 2990 1488 3059	of Mysia (720), in posuit of foesʼ (564]
sophoclesplaysa05campgoog_0146.png	338 3054 1483 3123	to be depoiled. Cp. Thuc. 1. 11 8 1
sophoclesplaysa05campgoog_0146.png	340 3119 1490 3189	(the Greeks at Troy) φαίνονται. πρὸς
sophoclesplaysa05campgoog_0146.png	336 3187 1486 3252	γεωργίαν τῆς Χερσονήσου τραπόμενοι καὶ
sophoclesplaysa05campgoog_0146.png	335 3251 1493 3318	λῃστείαν τῆς τροφῆς ἀπορέᾳ. The IHiadt
sophoclesplaysa05campgoog_0146.png	334 3316 1487 3387	glances at such predatory expeditions
sophoclesplaysa05campgoog_0146.png	337 3381 1485 3448	(c.g. I. 366: 9. 328).—Note the light
sophoclesplaysa05campgoog_0146.png	335 3446 1487 3511	touch with which the poet accounts for
sophoclesplaysa05campgoog_0146.png	334 3511 1485 3578	the absence of Teucer—a necessity of the
sophoclesplaysa05campgoog_0146.png	333 3576 1484 3642	plot, since Teucer might have averted his
sophoclesplaysa05campgoog_0146.png	334 3642 801 3692	brotherʼs suicide.
sophoclesplaysa05campgoog_0146.png	401 3702 1488 3770	344 . dvofgerd: a usual form of
sophoclesplaysa05campgoog_0146.png	334 3769 1480 3835	summons, addressed to no particular per-
sophoclesplaysa05campgoog_0146.png	334 3834 1481 3898	son, but to the inmates of the house
sophoclesplaysa05campgoog_0146.png	332 3898 1477 3968	generally; Aesch. CA. 877 ἀλλʼ ἀνοίξατε:
sophoclesplaysa05campgoog_0146.png	334 3964 1474 4030	Ter. Aadqtph. 4. 4. 46 aperite, atiguis.
sophoclesplaysa05campgoog_0146.png	334 4028 1479 4097	Ajax had πρόσπολοι, though they were
sophoclesplaysa05campgoog_0146.png	332 4094 1479 4162	not at this time in the house (539).—Ve
sophoclesplaysa05campgoog_0146.png	333 4159 1479 4226	should not explain the plur. as addressed
sophoclesplaysa05campgoog_0146.png	330 4224 1479 4291	by the choregus to the choreutae and
sophoclesplaysa05campgoog_0146.png	327 4293 1477 4489	SXec4rcx:
sophoclesplaysa05campgoog_0146.png	1602 2401 2741 2472	cdπʼ ἐμωl: for this modest καί, cp. Ph.
sophoclesplaysa05campgoog_0146.png	1606 2471 2745 2535	192 εἴπερ κγώ τι φρονῶ, and n. on Aut.
sophoclesplaysa05campgoog_0146.png	1602 2532 2747 2603	719. λψαu should naturaly go with
sophoclesplaysa05campgoog_0146.png	1597 2600 2747 2667	κἀπʼ ἐμοί, though βλέπειν ἐπί τινι seems
sophoclesplaysa05campgoog_0146.png	1598 2667 2744 2732	to occur nowhere else, and ἐπιβλέπειν
sophoclesplaysa05campgoog_0146.png	1596 2730 2745 2799	τινί only in Lucian Asir. 20 καὶ σφίσι
sophoclesplaysa05campgoog_0146.png	1595 2795 2743 2858	γινομένοισι τῷ μὲν ἡ Ἀφροδίτη τῷ δὲ ὁ
sophoclesplaysa05campgoog_0146.png	1596 2858 2739 2925	Νεὺς.ἐπέβλεψαν ("looked with fhvour).
sophoclesplaysa05campgoog_0146.png	1595 2924 2733 2991	The alternative is to take ἐπʼ ἐμοί as2
sophoclesplaysa05campgoog_0146.png	1597 2991 2740 3056	in my case," and βλέψας as epexegetic;
sophoclesplaysa05campgoog_0146.png	1593 3055 2317 3118	but this is certainly harsh.
sophoclesplaysa05campgoog_0146.png	1659 3117 2737 3184	444 . διοίγω; cp. O. 7 1487 διοί-
sophoclesplaysa05campgoog_0146.png	1588 3181 2739 3251	γειν κλῆθρα, and ib. 1395.-—wpάyη, deeds;
sophoclesplaysa05campgoog_0146.png	1588 3265 1772 3315	cp. 21.
sophoclesplaysa05campgoog_0146.png	1654 3313 2740 3380	The ἐκκύκλημα is now pushed on through
sophoclesplaysa05campgoog_0146.png	1587 3379 2737 3446	the central door. It was a emal stage,
sophoclesplaysa05campgoog_0146.png	1588 3442 2739 3513	but large enough to slow of Aiax being
sophoclesplaysa05campgoog_0146.png	1586 3509 2738 3577	shown surrounded by some of t he slaugh-
sophoclesplaysa05campgoog_0146.png	1587 3574 2731 3639	tered animals. The wod πράγη in 347,
sophoclesplaysa05campgoog_0146.png	1587 3638 2735 3704	and the language of vv. 351 ff., show that
sophoclesplaysa05campgoog_0146.png	1585 3704 2734 3771	the carnage was represented. The other
sophoclesplaysa05campgoog_0146.png	1585 3768 2733 3835	plays in which Sophocles has used the
sophoclesplaysa05campgoog_0146.png	1584 3833 2731 3902	eccyclema are the Antigone (1294, where
sophoclesplaysa05campgoog_0146.png	1583 3899 2597 3966	see n.), and the Electra (1464 fL, n.).
sophoclesplaysa05campgoog_0146.png	1651 3964 2731 4031	Ajax, siting among his victims, and
sophoclesplaysa05campgoog_0146.png	1584 4029 2731 4095	meditating his own destruction, was the
sophoclesplaysa05campgoog_0146.png	1582 4093 2732 4159	subject of a famous picture by Timomachus
sophoclesplaysa05campgoog_0146.png	1582 4158 2722 4224	of Bysantium. Philostratus ( fit. Apoll.
sophoclesplaysa05campgoog_0146.png	1584 4224 2730 4288	2. 22 8 5) thus describes it: τὸν Αfαντα
sophoclesplaysa05campgoog_0146.png	1581 4288 2730 4352	τὸν Tιμομάχου..ἀπεκετονότα τἀν τῇ Τροίᾳ
sophoclesplaysa05campgoog_0146.png	1579 4354 2723 4420	βουκόλια καθῆλσθαι ἀτειρηκὁτα [cp. v.
sophoclesplaysa05campgoog_0146.png	1585 4419 2730 4482	345 ἥσυχος θακεῖ], βουλὴν ποιούμενον καὶ
